339,RU000A0JQAM6,ДОМ.РФ15об,1000.0,8.81678716275789,859.0
340,RU000A0JR4U9,ГлДорога 3,875.0,14.532469689420362,751.0
341,RU000A0JR5F7,ДОМ.РФ17об,1000.0,11.194029850746269,863.0
342,RU000A0JRDY3,ДОМ.РФ18об,1000.0,13.144058885383808,877.0
343,RU000A0JRJB8,ЗСД 01,1000.0,19.208605455243948,851.0
344,RU000A0JRJL7,ЗСД 02,1000.0,19.208605455243948,859.0
345,RU000A0JRU20,СЗКК 03,851.0,20.71567672833496,726.0
346,RU000A0JRU46,СЗКК 04,851.0,20.71567672833496,709.0
347,RU000A0JRVU3,СПбТел 07,1000.0,20.15722636565209,869.0
348,RU000A0JS4J1,ЗСД 03,1000.0,20.37905033625433,855.0
349,RU000A0JS4K9,ЗСД 04,1000.0,20.37905033625433,870.0
350,RU000A0JS4L7,ЗСД 05,1000.0,20.37905033625433,872.0
351,RU000A0JS4Z7,ВЭБ.РФ 21,1000.0,18.248175182481752,878.0
352,RU000A0JS710,Промсвб5,1000.0,24.75860361475613,866.0
353,RU000A0JS793,Промсвб4,1000.0,24.75860361475613,876.0
354,RU000A0JS926,ЕАБР10,1000.0,16.371971185330715,867.0
355,RU000A0JS9X1,СитиматНН,1000.0,5.898661003952103,875.0
356,RU000A0JSGV0,РЖД-32 обл,1000.0,19.09854851031321,878.0
357,RU000A0JSQ58,ФСК ЕЭС-22,1000.0,18.39926402943882,861.0
358,RU000A0JT593,ВолгСпорт2,1000.0,9.979879275653923,852.0
359,RU000A0JTB96,ГлДорога 7,1000.0,14.532771399505885,850.0
360,RU000A0JTDX1,ДОМ.РФ24об,1000.0,10.460251046025103,855.0
361,RU000A0JTFB2,ГлДорога 6,875.0,14.532469689420362,727.0
362,RU000A0JTMG7,РусГидро07,1000.0,24.75860361475613,874.0
363,RU000A0JTMK9,РусГидро08,1000.0,24.75860361475613,867.0
364,RU000A0JTW83,ДОМ.РФ25об,1000.0,13.42642320085929,852.0
365,RU000A0JTY57,РЖД БО-18,1000.0,21.96836555360281,863.0
366,RU000A0JTYJ6,ФСК ЕЭС-23,1000.0,13.740038472107722,856.0
367,RU000A0JTYK4,ФСК ЕЭС-28,1000.0,13.740038472107722,866.0
368,RU000A0JTYQ1,ТКБ БО-2,1000.0,24.75860361475613,866.0
369,RU000A0JTZF1,ДОМ.РФ26об,1000.0,10.460251046025103,865.0
370,RU000A0JTZM7,РЖД БО-09,1000.0,21.96836555360281,872.0
371,RU000A0JU0B2,ДержаваБ01,1000.0,11.927480916030534,865.0
372,RU000A0JU2K9,ФСК ЕЭС-26,1000.0,14.238929232521713,865.0
373,RU000A0JU2L7,ФСК ЕЭС-27,1000.0,14.238929232521713,876.0
374,RU000A0JU3J9,АИЖК-13 А2,1000.0,14.710040160642569,853.0
375,RU000A0JU542,РЖД БО-12,1000.0,20.61005770816158,876.0
376,RU000A0JU6M6,РЕСОЛизБ01,1000.0,20.88991017338625,871.0
377,RU000A0JU7S1,ФСК ЕЭС-29,1000.0,14.22070534698521,862.0
378,RU000A0JU9M0,РЖД БО-15,1000.0,23.87774594078319,860.0
379,RU000A0JUA45,ИРКУТ БО-4,1000.0,22.281639928698752,876.0
380,RU000A0JUAD7,РСХБ 23,1000.0,22.40645305848084,850.0
381,RU000A0JUAN6,ГазпромБ19,1000.0,23.87774594078319,865.0
382,RU000A0JUAP1,ГазпромБ20,1000.0,23.87774594078319,871.0
383,RU000A0JUC92,ФСК ЕЭС-30,1000.0,13.740038472107722,863.0
384,RU000A0JUCA9,ФСК ЕЭС-34,1000.0,13.740038472107722,866.0
385,RU000A0JUCG6,РЖД БО-10,1000.0,21.96836555360281,871.0
386,RU000A0JUCR3,РоснефтьБ6,1000.0,23.59603586597452,868.0
387,RU000A0JUCS1,РоснефтьБ5,1000.0,23.59603586597452,866.0
388,RU000A0JUD34,ВСИА2012 Б,1000.0,9.318734283319364,853.0
389,RU000A0JUFU0,РоснефтьБ1,1000.0,21.11040743086341,863.0
390,RU000A0JUFV8,РоснефтьБ7,1000.0,21.11040743086341,862.0
391,RU000A0JUJ87,АИЖК2014А3,1000.0,15.553250345781466,851.0
392,RU000A0JUJG1,Росбн14ИП,1000.0,8.445945945945946,870.0
393,RU000A0JUKX4,ДОМ.РФ30об,1000.0,15.199878400972796,868.0
394,RU000A0JUPZ8,РЖД БО-19,1000.0,21.96836555360281,859.0
395,RU000A0JUQC5,АшинМЗ БО1,1000.0,22.281639928698752,859.0
396,RU000A0JUT85,ПЕРЕСВЕТБ2,1000.0,11.418131993605847,852.0
397,RU000A0JUW23,Росбн15ИП,1000.0,8.504453240969816,857.0
398,RU000A0JUW31,РСХБ БО13,1000.0,18.06684733514002,851.0
399,RU000A0JUW72,РСХБ БО14,1000.0,18.06684733514002,862.0
400,RU000A0JUZZ7,ТрансФБО37,1000.0,21.11040743086341,864.0
401,RU000A0JV1W5,РоснфтБО2,1000.0,21.33560913164071,866.0
402,RU000A0JV1X3,РоснфтБО3,1000.0,21.33560913164071,856.0
403,RU000A0JV1Y1,РоснфтБО4,1000.0,21.33560913164071,850.0
404,RU000A0JV201,РоснфтБО8,1000.0,21.33560913164071,875.0
405,RU000A0JV219,РоснфтБО9,1000.0,21.33560913164071,873.0
406,RU000A0JV227,РоснфтБО14,1000.0,21.33560913164071,878.0
407,RU000A0JV235,РоснфтБО10,1000.0,21.33560913164071,874.0
408,RU000A0JV243,РоснфтБО11,1000.0,21.33560913164071,871.0
409,RU000A0JV250,РоснфтБО12,1000.0,21.33560913164071,852.0
410,RU000A0JV268,РоснфтБО13,1000.0,21.33560913164071,867.0
411,RU000A0JV375,ГТЛК БО-03,1000.0,19.573302016050107,865.0
412,RU000A0JV3L4,ОткрФКББ4,1000.0,24.75860361475613,875.0
413,RU000A0JV3Q3,ВТБ БО-30,1000.0,17.59014951627089,859.0
414,RU000A0JV4R9,ДОМ.РФ31об,1000.0,20.16535591853196,869.0
415,RU000A0JV755,АИЖК14-2А3,1000.0,12.592870544090056,864.0
416,RU000A0JV805,РСХБ БО8,1000.0,20.563438206868188,867.0
417,RU000A0JV8D0,ВЭБлизБ04,1000.0,18.76172607879925,877.0
418,RU000A0JV8G3,ВЭБлизБ05,1000.0,18.76172607879925,858.0
419,RU000A0JV9Q0,ТрансФБО31,1000.0,22.281639928698752,878.0
420,RU000A0JVA10,ГТЛК БО-04,1000.0,16.750418760469014,857.0
421,RU000A0JVBX1,ЗенитБО-09,1000.0,24.75860361475613,860.0
422,RU000A0JVCB5,ФСК ЕЭС-37,1000.0,14.238929232521713,856.0
423,RU000A0JVDD9,ФСК ЕЭС-38,1000.0,14.238929232521713,863.0
424,RU000A0JVDF4,Кокс БО-05,1000.0,21.80074122520166,864.0
425,RU000A0JVF98,МДС кл.А1,1000.0,9.110787172011662,855.0
426,RU000A0JVHH1,ТрансФБО39,1000.0,23.59603586597452,861.0
427,RU000A0JVJS4,РЖД БО-14,1000.0,21.96836555360281,857.0
428,RU000A0JVLA8,МДС кл.А2,1000.0,9.538344143456696,864.0
429,RU000A0JVLM3,РСетиЛЭБО5,1000.0,21.89621195533173,861.0
430,RU000A0JVM32,ПЕРЕСВЕТБ3,1000.0,10.785159620362382,866.0
431,RU000A0JVM81,Оренб35003,800.0,9.551098376313275,677.0
432,RU000A0JVN56,РСХБ 24,1000.0,13.238019592268998,856.0
433,RU000A0JVN64,РСХБ 25,1000.0,13.238019592268998,855.0
434,RU000A0JVN98,РСХБ 26,1000.0,13.238019592268998,859.0
435,RU000A0JVP39,КАМАЗ 12,1000.0,17.84121320249777,857.0
436,RU000A0JVPS1,ТрансФБО40,1000.0,21.11040743086341,856.0
437,RU000A0JVRL2,ПЕРЕСВ БП1,1000.0,10.922992900054616,857.0
438,RU000A0JVS36,ТрансФБО41,1000.0,21.68256721595837,862.0
439,RU000A0JVT43,РОССИУМ 01,1000.0,23.59603586597452,868.0
440,RU000A0JVUK8,СистемБ1P1,1000.0,20.56766762649116,856.0
441,RU000A0JVVA7,iРОСНАНО 6,1000.0,16.043638697256537,874.0
442,RU000A0JVVK6,СМП БО-01,1000.0,15.36806516059628,866.0
443,RU000A0JVVL4,ПЕРЕСВ БП2,1000.0,10.628122010840684,866.0
444,RU000A0JVVP5,СМП БО-02,1000.0,15.36806516059628,871.0
445,RU000A0JVVT7,СМП БО-03,1000.0,15.36806516059628,877.0
446,RU000A0JVWB3,РСХБ БО9,1000.0,19.10219675262656,860.0
447,RU000A0JVWD9,ГТЛК БО-05,1000.0,12.156576707999026,873.0
448,RU000A0JVWJ6,ГТЛК БО-06,1000.0,19.43634596695821,873.0
449,RU000A0JVXS5,РЕСОЛизБ04,1000.0,20.88991017338625,866.0
450,RU000A0JVYG8,РОСЭКСИМБ1,1000.0,21.56566745740781,858.0
451,RU000A0JVYL8,РоссЦБО4,1000.0,17.319016279875303,855.0
452,RU000A0JVYM6,МРСКУр Б02,1000.0,17.319016279875303,873.0
453,RU000A0JVZA8,РОССИУМ Б1,1000.0,21.11040743086341,856.0
454,RU000A0JVZK7,РСКуб1P01,1000.0,19.208605455243948,868.0
455,RU000A0JW126,КАМАЗ БО13,1000.0,19.301293186643505,854.0
456,RU000A0JW1G7,iРОСНАНО 7,1000.0,15.728216420257944,868.0
457,RU000A0JW1K9,ТомскОб 55,1000.0,13.506212857914642,861.0
458,RU000A0JW1P8,ГТЛК БО-07,1000.0,19.402405898331395,875.0
459,RU000A0JW3A6,ВертолетБ1,1000.0,16.852039096730703,862.0
460,RU000A0JW5H6,МЕТАЛИНБ07,1000.0,16.852039096730703,878.0
461,RU000A0JW6P7,ВЭБ ПБО1Р1,1000.0,8.644536652835408,874.0
462,RU000A0JWB59,Держава 03,1000.0,13.370771493515177,864.0
463,RU000A0JWD57,РЖД БО-05,1000.0,19.47040498442368,876.0
464,RU000A0JWDA3,ОДК 02,1000.0,22.7894257064722,871.0
465,RU000A0JWDB1,ОДК 03,1000.0,17.439832577607255,851.0
466,RU000A0JWG05,ИКС5ФинБО6,1000.0,23.736055067647754,870.0
467,RU000A0JWGD0,БашнфтБО8,1000.0,18.39926402943882,854.0
468,RU000A0JWGV2,ПочтаРосБ2,1000.0,23.87774594078319,869.0
469,RU000A0JWH87,БашнфтБО2,1000.0,19.09854851031321,863.0
470,RU000A0JWHN7,ЯрОбл 2016,1000.0,13.37345369441658,874.0
471,RU000A0JWHU2,РЖД БО-17,1000.0,20.358306188925084,850.0
472,RU000A0JWHW8,Новсиб 8об,1000.0,10.452961672473869,877.0
473,RU000A0JWJX2,РСетиМРБ5,1000.0,23.87774594078319,856.0
474,RU000A0JWK74,ОДК 01,1000.0,18.65671641791045,876.0
475,RU000A0JWK90,ТрнфБО1P1,1000.0,20.25931928687196,862.0
476,RU000A0JWLD0,НижгорОб11,1000.0,13.041210224308816,858.0
477,RU000A0JWLU4,РЖД-42 обл,1000.0,20.673971469919373,850.0
478,RU000A0JWM15,ПЕРЕСВ БП5,1000.0,10.34875297526648,857.0
479,RU000A0JWM56,СамарОбл12,750.0,13.86577925679423,604.0
480,RU000A0JWMS6,ТрнфБО1P2,1000.0,20.781379883624275,873.0
481,RU000A0JWMZ1,РСХБ 06Т1,1000.0,13.831258644536652,863.0
482,RU000A0JWN22,РСХБ 07Т1,1000.0,13.831258644536652,868.0
483,RU000A0JWN63,МОСТРЕСТ 7,1000.0,21.68256721595837,861.0
484,RU000A0JWP46,ПИК БО-7,1000.0,23.05209774089442,858.0
485,RU000A0JWPW1,ТрнфБО1P3,1000.0,21.22241086587437,855.0
486,RU000A0JWR51,МРСКУр Б05,1000.0,21.51925973746503,859.0
487,RU000A0JWS92,ТранснфБО6,1000.0,21.56566745740781,858.0
488,RU000A0JWT75,ТамбовОбл2,1000.0,13.923698134224448,873.0
489,RU000A0JWT91,Удмурт2016,1000.0,12.674271229404308,872.0
490,RU000A0JWTV5,ГТЛК 1P-01,1000.0,10.074626865671643,863.0
491,RU000A0JWU23,ТКК кл.Б,1000.0,11.494252873563218,850.0
492,RU000A0JWU31,ТКК кл. А1,1000.0,12.195121951219512,850.0
493,RU000A0JWV63,РСХБ 08Т1,1000.0,14.074595355383533,873.0
494,RU000A0JWVC1,ТрнфБО1P4,1000.0,21.56566745740781,867.0
495,RU000A0JWVL2,ЕвропланБ7,1000.0,22.7894257064722,866.0
496,RU000A0JWX04,БашнфтБО9,1000.0,21.56566745740781,873.0
497,RU000A0JWXF0,КрасЯрКр12,1000.0,20.56766762649116,877.0
498,RU000A0JWXQ7,Хакас2016,1000.0,11.304909560723514,877.0
499,RU000A0JWY29,СтаврКрай3,1000.0,13.638843426077468,866.0
500,RU000A0JWYJ0,Самолет 01,1000.0,12.732365673542146,859.0
501,RU000A0JWZ77,СвердлОб3,1000.0,13.64256480218281,859.0
502,RU000A0JWZM1,КОМИ 13 об,1000.0,14.079549454417457,863.0
503,RU000A0JWZY6,СистемБ1P5,1000.0,19.5160031225605,862.0
504,RU000A0JX090,ФСК ЕЭС Б2,1000.0,15.820281601012498,856.0
505,RU000A0JX0B9,МосОбл2016,1000.0,13.853367433930094,857.0
506,RU000A0JX0Z8,ЯНАО-2016,1000.0,14.285714285714286,870.0
507,RU000A0JX132,Роснфт1P1,1000.0,12.732365673542146,868.0
508,RU000A0JX199,ГТЛК 1P-02,1000.0,14.856711915535444,853.0
509,RU000A0JX1C5,КАМАЗ БО14,1000.0,20.21835826930853,871.0
510,RU000A0JX215,ХМАО 10,1000.0,14.619883040935672,862.0
511,RU000A0JX2B5,КАМАЗ БО15,1000.0,20.824656393169512,873.0
512,RU000A0JX2L4,КРАУС Б1P1,1000.0,20.056157240272764,862.0
513,RU000A0JX2P5,БашнфБ1P1R,1000.0,21.11040743086341,853.0
514,RU000A0JX2Q3,БашнфтБО10,1000.0,21.11040743086341,866.0
515,RU000A0JX2R1,ДОМ.РФ Б-5,1000.0,6.218905472636815,878.0
516,RU000A0JX2V3,ПочтаРБ1P1,1000.0,20.0,876.0
517,RU000A0JX2X9,БашнфБ1P2R,1000.0,21.11040743086341,876.0
518,RU000A0JX355,Роснфт1P2,1000.0,23.59603586597452,851.0
519,RU000A0JX3M0,ДОМРФИА 1P,1000.0,8.117152466367713,875.0
520,RU000A0JX413,Роснфт1P3,1000.0,21.11040743086341,853.0
521,RU000A0JX9X4,БашнфБ1P3R,1000.0,21.33560913164071,858.0
522,RU000A0JXC24,ТрнфБО1P5,1000.0,21.68256721595837,861.0
523,RU000A0JXE06,ГТЛК 1P-03,1000.0,12.156576707999026,872.0
524,RU000A0JXFS8,ГазпромКБ5,1000.0,22.532672374943665,872.0
525,RU000A0JXFY6,ГазпромКБ6,1000.0,22.532672374943665,853.0
526,RU000A0JXGV0,ПЕРЕСВ С01,1000.0,13.071116408422723,851.0
527,RU000A0JXJK7,РЖД БО-11,1000.0,23.18571759795965,878.0
528,RU000A0JXJM3,СМП 02,1000.0,23.59603586597452,850.0
529,RU000A0JXJP6,СМП 03,1000.0,23.59603586597452,866.0
530,RU000A0JXK99,ТрансФ1P02,1000.0,19.09854851031321,858.0
531,RU000A0JXKQ2,Совком C01,1000.0,13.831258644536652,875.0
532,RU000A0JXLU2,Локосерв 1,1000.0,11.682242990654206,876.0
533,RU000A0JXME4,ЧТПЗ 1P3,1000.0,13.7854976564654,851.0
534,RU000A0JXN05,РЖД Б01P1R,1000.0,23.05209774089442,873.0
535,RU000A0JXN21,СистемБ1P6,1000.0,22.532672374943665,869.0
536,RU000A0JXNF9,Газпнф1P1R,1000.0,23.05209774089442,870.0
537,RU000A0JXPG2,ГТЛК 1P-04,1000.0,13.572204125950057,872.0
538,RU000A0JXPJ6,ПолиплП1Б1,1000.0,21.11040743086341,853.0
539,RU000A0JXPK4,ТранснфБО7,1000.0,22.920009168003663,850.0
540,RU000A0JXPM0,ЛСР БО 1Р2,1000.0,13.86001386001386,868.0
541,RU000A0JXPN8,Ростел1P2R,1000.0,23.18571759795965,854.0
542,RU000A0JXPU3,Калаш БП1,1000.0,22.036139268400174,859.0
543,RU000A0JXQ28,ФПК 1P-01,1000.0,22.7894257064722,878.0
544,RU000A0JXQ44,РЖД Б01P2R,1000.0,23.59603586597452,863.0
545,RU000A0JXQ51,АВТОБФ БП1,1000.0,20.056157240272764,854.0
546,RU000A0JXQK2,Роснфт1P4,1000.0,23.18571759795965,868.0
547,RU000A0JXQQ9,АРАГОН об,1000.0,16.70843776106934,861.0
548,RU000A0JXR43,Якут-09 об,1000.0,15.56513409961686,877.0
549,RU000A0JXR50,РСетиМРБ10,1000.0,23.45765892563922,858.0
550,RU000A0JXR68,Роснфт1P5,1000.0,15.54726368159204,850.0
551,RU000A0JXR84,РЖД Б01P3R,1000.0,23.87774594078319,852.0
552,RU000A0JXRF0,СамолетБП1,1000.0,11.140819964349376,876.0
553,RU000A0JXS34,КТЖФинанс1,1000.0,22.920009168003663,864.0
554,RU000A0JXS83,ЯрОбл 2017,1000.0,15.918497293855458,852.0
555,RU000A0JXSD3,ВлгОб35007,800.0,15.92039800995025,659.0
556,RU000A0JXT41,СамарОбл13,1000.0,16.32755589047978,860.0
557,RU000A0JXTB5,БелугаБП1,1000.0,21.114864864864867,851.0
558,RU000A0JXTW1,БелгОб2017,750.0,16.202203499675957,603.0
559,RU000A0JXUD9,КОМИ 14 об,1000.0,15.918497293855458,851.0
560,RU000A0JXVB1,ТрансФ1P03,1000.0,19.09854851031321,854.0
561,RU000A0JXVE5,СИНХФБО1P1,1000.0,22.532672374943665,874.0
562,RU000A0JXVG0,ДелПорт1P1,1000.0,21.33560913164071,876.0
563,RU000A0JXVH8,ТамбовОбл3,750.0,15.91343093570974,616.0
564,RU000A0JXVT3,РоссЮг БО2,1000.0,14.467592592592592,854.0
565,RU000A0JXXD3,Роснфт1P6,1000.0,21.11040743086341,863.0
566,RU000A0JXXE1,Роснфт1P7,1000.0,21.11040743086341,854.0
567,RU000A0JXY44,ПИК БО-П03,1000.0,12.43781094527363,876.0
568,RU000A0JXYS9,КраснодКр1,1000.0,15.54726368159204,855.0
569,RU000A0JY031,МФ МарЭл17,750.0,15.54726368159204,618.0
570,RU000A0NNER6,ВЭБ1P-К374,1000.0,11.446886446886449,854.0
571,RU000A0ZYA66,ЛнССМУБ1P2,1000.0,14.944769330734244,852.0
572,RU000A0ZYAP9,ГТЛК 1P-06,779.96,12.154589371980675,636.96
573,RU000A0ZYB40,МФКузбас17,750.0,16.307893020221787,611.0
574,RU000A0ZYBA9,ТКК кл. А2,1000.0,9.98801438274071,853.0
575,RU000A0ZYBD3,Новсиб2017,750.0,17.029972752043598,610.0
576,RU000A0ZYBV5,ЛСР БО 1Р3,1000.0,14.852535539995756,860.0
577,RU000A0ZYC31,АвАгроБ1P1,1000.0,17.25327812284334,865.0
578,RU000A0ZYCD1,Курск35001,1000.0,16.792611251049536,875.0
579,RU000A0ZYCM2,КрасЯрКр13,1000.0,17.032873445750297,878.0
580,RU000A0ZYCR1,ТКХ БП1,1000.0,21.33560913164071,866.0
581,RU000A0ZYCZ4,Карелия 18,1000.0,16.71442215854823,855.0
582,RU000A0ZYDH0,ФСК ЕЭС Б3,1000.0,17.25327812284334,870.0
583,RU000A0ZYDQ1,НижгорОб12,1000.0,16.501650165016503,853.0
584,RU000A0ZYDU3,СвердлОб4,800.0,17.36111111111111,676.0
585,RU000A0ZYEB1,ТрансФ1P04,1000.0,22.40645305848084,863.0
586,RU000A0ZYEM8,СамолетБП2,1000.0,11.626555051738167,873.0
587,RU000A0ZYEQ9,СэтлГрБ1P1,1000.0,13.7875101378751,866.0
588,RU000A0ZYF20,ДОМ.РФ Б-6,1000.0,17.361111111111114,873.0
589,RU000A0ZYF38,ДОМ.РФ Б-7,1000.0,13.711778417660772,861.0
590,RU000A0ZYF61,НАО 2017,1000.0,17.13796058269066,851.0
591,RU000A0ZYFB8,КрасЯрКр14,1000.0,17.05029838022165,869.0
592,RU000A0ZYFM5,ДОМ.РФ Б-8,1000.0,16.110842597067826,859.0
593,RU000A0ZYFN3,ДОМ.РФ Б10,1000.0,15.918497293855458,871.0
594,RU000A0ZYFS2,ТрансФ1P05,1000.0,21.11040743086341,868.0
595,RU000A0ZYG37,ИНГР Б1P1,1000.0,20.056157240272764,871.0
596,RU000A0ZYG60,СаратОбл17,1000.0,16.509823344890208,877.0
597,RU000A0ZYGF7,ТКК кл. А3,1000.0,9.98801438274071,866.0
598,RU000A0ZYGG5,ТКК кл. А4,1000.0,9.168127275178644,875.0
599,RU000A0ZYGM3,ОрлОбл2017,1000.0,16.103059581320455,874.0
600,RU000A0ZYH02,АвАгроБ1P2,1000.0,16.70843776106934,871.0
601,RU000A0ZYH93,Новсиб 9об,900.0,12.916188289322616,751.0
602,RU000A0ZYHW0,ЛевенгукБ1,1000.0,10.284891494394737,853.0
603,RU000A0ZYJ00,ННовгор 17,1000.0,16.512549537648614,874.0
604,RU000A0ZYJ18,ТамбовОб17,900.0,16.713091922005574,773.0
605,RU000A0ZYJ91,ФСК ЕЭС Б4,1000.0,17.59014951627089,866.0
606,RU000A0ZYJB0,Ульян.об17,800.0,12.658227848101266,668.0
607,RU000A0ZYJH7,Роснфт2P1,1000.0,23.59603586597452,878.0
608,RU000A0ZYJJ3,Роснфт2P2,1000.0,23.59603586597452,861.0
609,RU000A0ZYKH5,Оренб35004,1000.0,16.347882949158084,867.0
610,RU000A0ZYKU8,КалинОбл17,1000.0,16.903313049357674,867.0
611,RU000A0ZYKW4,ХМАО 11,1000.0,17.596782302664653,871.0
612,RU000A0ZYL22,КЧР 2017,1000.0,15.36806516059628,850.0
613,RU000A0ZYL48,МгдОбл2017,1000.0,16.70843776106934,855.0
614,RU000A0ZYLK7,ВЦЗ 1P1R,1000.0,10.69747539580659,876.0
615,RU000A0ZYLU6,ДОМ.РФ1P1R,1000.0,14.374011786689664,865.0
616,RU000A0ZYM47,ЯНАО2017-2,1000.0,19.10219675262655,859.0
617,RU000A0ZYM54,ЦППК П1Б1,1000.0,13.281976358082082,850.0
618,RU000A0ZYMJ7,ТомскОб 62,750.0,17.831669044222537,606.0
619,RU000A0ZYML3,МосОбл2017,1000.0,17.84439685938615,861.0
620,RU000A0ZYMM1,ВертолетБ4,1000.0,22.7894257064722,869.0
621,RU000A0ZYMN9,ВертолетБ3,1000.0,22.7894257064722,873.0
622,RU000A0ZYNY4,ГТЛК 1P-07,1000.0,14.455044810638917,869.0
623,RU000A0ZYR18,БСК 1P1,1000.0,16.509823344890208,862.0
624,RU000A0ZYR91,ГТЛК 1P-08,1000.0,14.613473622680113,859.0
625,RU000A0ZYRX7,ГПБ БО-18,1000.0,19.2975685063682,870.0
626,RU000A0ZYRY5,ГПБ БО-19,1000.0,19.2975685063682,852.0
627,RU000A0ZYWU3,Система1P8,1000.0,22.281639928698752,854.0
628,RU000A0ZZ1H2,ОГК-2 1P3R,1000.0,24.75860361475613,862.0
629,RU000A0ZZ1J8,ГТЛК 1P-09,1000.0,18.19505094614265,855.0
630,RU000A0ZZ4T1,РСХБ 01Т1,1000.0,22.281639928698752,858.0
631,RU000A0ZZ505,РСХБ 09Т1,1000.0,22.281639928698752,876.0
632,RU000A0ZZ7E6,Якут-10 об,800.0,17.706949977866312,662.0
633,RU000A0ZZ7G1,КАМАЗ БО-7,1000.0,21.612275772638856,856.0
634,RU000A0ZZ7H9,КАМАЗ БО-8,1000.0,21.612275772638856,875.0
635,RU000A0ZZ877,КАМАЗ БО10,1000.0,22.036139268400174,863.0
636,RU000A0ZZ885,КАМАЗ БО-9,1000.0,22.036139268400174,873.0
637,RU000A0ZZ893,КАМАЗ БО11,1000.0,22.036139268400174,869.0
638,RU000A0ZZ8X4,КраснодКр2,900.0,17.523364485981308,766.0
639,RU000A0ZZ984,ГТЛК 1P-10,1000.0,16.404199475065617,878.0
640,RU000A0ZZ9P8,СамарОбл14,800.0,17.945266935845673,678.0
641,RU000A0ZZAT8,ПионЛизБП1,1000.0,8.275405494869249,857.0
642,RU000A0ZZBV2,ЕвропланБ8,1000.0,19.282684149633628,871.0
643,RU000A0ZZC48,КрасЯрКр15,1000.0,13.27433628318584,869.0
644,RU000A0ZZCH9,ИА ДОМ 5P2,1000.0,12.668088737201364,872.0
645,RU000A0ZZCX6,РОССИУМ1P1,1000.0,20.3210729526519,856.0
646,RU000A0ZZE87,МосКред 15,1000.0,16.711229946524064,871.0
647,RU000A0ZZEM5,ЯрОбл35016,1000.0,16.818028927009752,866.0
648,RU000A0ZZGT5,РЖД 1Р-08R,1000.0,20.07628990162618,872.0
649,RU000A0ZZL05,МетИнвБ Б3,1000.0,20.056157240272764,860.0
650,RU000A0ZZM87,КрасЯрКр16,1000.0,15.371102327624069,863.0
651,RU000A0ZZMA3,СберИОС18,1000.0,21.00840336134453,870.0
652,RU000A0ZZNJ2,Якут-11 об,800.0,14.939309056956114,676.0
653,RU000A0ZZNW5,ИА ДОМ 4P2,1000.0,12.205827067669173,870.0
654,RU000A0ZZP35,СберИОС27,1000.0,20.990764063811923,871.0
655,RU000A0ZZPB4,Новосиб 19,1000.0,15.60549313358302,873.0
656,RU000A0ZZPZ3,РСХБ БО-6Р,1000.0,22.281639928698752,869.0
657,RU000A0ZZQ18,СберИОС33,1000.0,21.00840336134453,856.0
658,RU000A0ZZQH9,СвердлОбл5,1000.0,15.408320493066256,863.0
659,RU000A0ZZQN7,ФСК ЕЭС1Р1,1000.0,15.36806516059628,858.0
660,RU000A0ZZQQ0,ХабарКрай7,1000.0,14.8544266191325,860.0
661,RU000A0ZZQU2,БанкГПБ1Р1,1000.0,22.40645305848084,854.0
662,RU000A0ZZR33,ЛипецкОб10,1000.0,15.60549313358302,867.0
663,RU000A0ZZRK1,ФПК 1P-04,1000.0,22.532672374943665,860.0
664,RU000A0ZZSJ1,СберИОС36,1000.0,21.00840336134453,868.0
665,RU000A0ZZSW4,КамчКрай01,1000.0,14.775413711583926,852.0
666,RU000A0ZZTK7,ТКХ БО-П02,1000.0,21.11040743086341,868.0
667,RU000A0ZZTL5,ФПК 1P-05,1000.0,22.084805653710248,866.0
668,RU000A0ZZUL3,БанкГПБ1Р2,1000.0,22.532672374943665,866.0
669,RU000A0ZZUS8,РСХБ 31Т1,1000.0,19.857029388403497,857.0
670,RU000A0ZZUT6,НижгорОб13,1000.0,15.408320493066256,850.0
671,RU000A0ZZUX8,СберИОС39,1000.0,21.00840336134453,858.0
672,RU000A0ZZV11,ГТЛК 1P-12,1000.0,14.690759512266782,862.0
673,RU000A0ZZV86,ИА ДОМ 6P2,1000.0,10.30236220472441,868.0
674,RU000A0ZZVQ0,РСХБ БО-7Р,1000.0,19.204916458613404,855.0
675,RU000A0ZZW77,ИА БСПБ2 1,1000.0,14.13031914893617,878.0
676,RU000A0ZZWQ8,КВС об. 01,923.08,10.555517438536306,791.08
677,RU000A0ZZWX4,СберИОС44,1000.0,21.00840336134453,861.0
678,RU000A0ZZX19,РЖД 1Р-10R,1000.0,22.920009168003663,862.0
679,RU000A0ZZXD4,ИНГРАД1P2,1000.0,20.056157240272764,858.0
680,RU000A0ZZXL7,РЖД 1Р-11R,1000.0,22.920009168003663,854.0
681,RU000A0ZZXM5,ГПБ001P03P,1000.0,22.40645305848084,854.0
682,RU000A0ZZXS2,СберБ Б50R,1000.0,22.7894257064722,868.0
683,RU000A0ZZXZ7,КировОбл01,1000.0,15.730690577316343,872.0
684,RU000A0ZZYL5,Калсб 1P01,1000.0,17.905102954341988,854.0
685,RU000A0ZZYS0,СитимЮгра1,1000.0,2.2215310792197984,877.0
686,RU000A0ZZZ09,ИА ДОМ 8P2,1000.0,10.924588086185045,876.0
687,RU000A0ZZZ17,НКНХ 1Р-01,1000.0,20.56766762649116,857.0
688,RU000A0ZZZ25,РосДорБ 02,1000.0,21.11040743086341,866.0
689,RU000A0ZZZ41,СберИОС46,1000.0,21.00840336134453,878.0
690,RU000A0ZZZ66,АЛЬФА-Б2Р3,1000.0,21.67786689789725,873.0
691,RU000A0ZZZV1,Карелия 19,750.0,15.82278481012658,600.0
692,RU000A0ZZZY5,РОССИУМ1P2,1000.0,19.09854851031321,877.0
693,RU000A0ZZZZ2,Самолет1P4,1000.0,12.732365673542146,860.0
694,RU000A100030,Автодор2Р1,1000.0,21.450021450021453,867.0
695,RU000A1000H5,iРОСНАН1П1,1000.0,12.156576707999026,861.0
696,RU000A100196,СберИОС54,1000.0,21.00840336134453,865.0
697,RU000A1001L5,ЮАИЗ 1-001,1000.0,12.43781094527363,868.0
698,RU000A1001T8,ММЦБ П01-1,1000.0,10.69747539580659,870.0
699,RU000A1001V4,ВЭБ 1P-13,1000.0,22.084805653710248,856.0
700,RU000A100238,МТС 1P-07,1000.0,15.36806516059628,873.0
701,RU000A100295,СберИОС55,1000.0,21.00840336134453,872.0
702,RU000A1002C2,РЖД 1Р-12R,1000.0,23.05209774089442,852.0
703,RU000A1002E8,ГПБ 1P-05P,1000.0,22.04099625303064,873.0
704,RU000A1003A4,ГТЛК 1P-13,1000.0,13.970382788488404,873.0
705,RU000A1003R8,ГПБ 1P-06P,1000.0,22.281639928698752,868.0
706,RU000A1003W8,ВЭБ 1P-14,1000.0,22.456770716370983,854.0
707,RU000A100451,СберИОС61,1000.0,21.00840336134453,857.0
708,RU000A1004A2,НПК ПБО-02,1000.0,22.7894257064722,862.0
709,RU000A1004L9,ПравоурмБ1,1000.0,21.11040743086341,855.0
710,RU000A1004Z9,НЗРМ БО-П1,10000.0,7.510213890891612,9876.0
711,RU000A100576,СберИОС62,1000.0,21.00840336134453,876.0
712,RU000A1005H4,МОЭК БО1P1,1000.0,23.18571759795965,852.0
713,RU000A1005L6,Система1P9,1000.0,17.74622892635315,851.0
714,RU000A1005T9,ГарИнв1P05,1000.0,8.44760039177277,876.0
715,RU000A100691,ВБРР 1P-03,1000.0,14.8544266191325,872.0
716,RU000A1006C3,ПионЛизБП2,1000.0,6.875687568756876,863.0
717,RU000A1006G4,Мегафон1P6,1000.0,22.532672374943665,863.0
718,RU000A1006H2,Мегафон2P1,1000.0,22.532672374943665,873.0
719,RU000A1006R1,СберИОС72,1000.0,21.00840336134453,871.0
720,RU000A1006X9,СГБ 01,10000000.0,9.972677556119171,9999874.0
721,RU000A1006Y7,СГБ 02,10000000.0,9.972677556119171,9999875.0
722,RU000A1006Z4,СГБ 03,10000000.0,9.972677556119171,9999871.0
723,RU000A100725,БрайтФ БП1,1000.0,9.902951079421667,873.0
724,RU000A100782,Лента Б1P2,1000.0,23.18571759795965,866.0
725,RU000A100790,ТРИНФ Х Б1,1000.0,20.056157240272764,864.0
726,RU000A1007E7,ГПБ 1P-07P,1000.0,22.281639928698752,858.0
727,RU000A1007H0,Славнеф1Р2,1000.0,15.453562046051614,865.0
728,RU000A1007U3,АРАГОН БП1,1000.0,16.20482903905364,853.0
729,RU000A1007V1,КАМАЗ БОП2,1000.0,15.274034141958673,861.0
730,RU000A1007Z2,РЖД 1Р-13R,1000.0,22.036139268400174,867.0
731,RU000A100824,Энел 1P-2R,1000.0,12.556504269211452,862.0
732,RU000A100832,ГПБ 1P-08P,1000.0,22.40645305848084,850.0
733,RU000A100881,Ростел1P5R,1000.0,23.736055067647754,878.0
734,RU000A1008A3,СберИОС73,1000.0,21.00840336134453,860.0
735,RU000A1008B1,Тинькофф2R,1000.0,21.68256721595837,857.0
736,RU000A1008D7,РЖД 1Р-14R,1000.0,22.036139268400174,873.0
737,RU000A1008J4,Систем1P10,1000.0,20.25931928687196,864.0
738,RU000A1008L0,СеверстБ07,1000.0,23.18571759795965,850.0
739,RU000A1008P1,Роснфт2P6,1000.0,15.36806516059628,862.0
740,RU000A1008Q9,Роснфт2P7,1000.0,15.36806516059628,858.0
741,RU000A1008V9,iРОСНАНО 8,1000.0,22.634676324128566,863.0
742,RU000A1008W7,СеверстБ06,1000.0,23.18571759795965,868.0
743,RU000A1008Y3,ПочтаРБ1P7,1000.0,23.736055067647754,876.0
744,RU000A1008Z0,ЕврХимБ1Р3,1000.0,23.45765892563922,850.0
745,RU000A1009A1,Мегафон2P2,1000.0,22.532672374943665,870.0
746,RU000A1009B9,ДетМир БО7,1000.0,22.532672374943665,871.0
747,RU000A1009L8,РЖД 1Р-15R,1000.0,15.192950470981463,878.0
748,RU000A1009M6,ТрансмхПБ3,1000.0,23.32089552238806,856.0
749,RU000A1009Z8,О'КЕЙ Б1Р2,1000.0,14.300014300014302,859.0
750,RU000A100A33,БКЕ БО 1P2,1000.0,23.45765892563922,875.0
751,RU000A100A58,МТС 1P-08,1000.0,15.918497293855458,867.0
752,RU000A100A66,МТС 1P-09,1000.0,15.54726368159204,877.0
753,RU000A100A90,РН БАНК1Р5,1000.0,22.41147467503362,860.0
754,RU000A100AA4,ТАЛАНФБ1P1,1000.0,8.912655971479502,856.0
755,RU000A100AB2,ИКС5Фин1P5,1000.0,23.736055067647754,863.0
756,RU000A100AD8,РСетиМР1P1,1000.0,23.736055067647754,855.0
757,RU000A100AF3,ГПБ001P09P,1000.0,23.05209774089442,852.0
758,RU000A100AP2,ХКФинБ1P3,1000.0,13.370771493515177,855.0
759,RU000A100AZ1,ТКХ БО-П03,1000.0,20.56766762649116,863.0
760,RU000A100B73,МЕТАЛИНБ09,1000.0,22.660321776569223,864.0
761,RU000A100BB0,РУСАБрБ1P1,1000.0,22.281639928698752,873.0
762,RU000A100BM7,ВЭБ 1P-16,1000.0,23.13208420078649,854.0
763,RU000A100BP0,СберИОС86,1000.0,21.00840336134453,863.0
764,RU000A100BR6,СберИОС79,1000.0,21.00840336134453,876.0
765,RU000A100CN3,Якут-12 об,900.0,15.568240788790868,761.0
766,RU000A100D30,Беларусь03,1000.0,23.18571759795965,869.0
767,RU000A100D63,Беларусь04,1000.0,23.18571759795965,871.0
768,RU000A100D89,Беларусь07,1000.0,23.59603586597452,855.0
769,RU000A100DL5,СберИОС89,1000.0,21.00840336134453,874.0
770,RU000A100DQ4,ИА ДОМ 9P2,1000.0,10.668274111675126,865.0
771,RU000A100DZ5,СовкомБОП1,1000.0,20.26342451874367,854.0
772,RU000A100E88,ФПК 1P-06,1000.0,23.87774594078319,861.0
773,RU000A100EC2,СберИОС95,1000.0,24.75860361475613,860.0
774,RU000A100EV2,iУОМЗ Б-П1,1000.0,21.33560913164071,877.0
775,RU000A100FE5,ГТЛК 1P-14,1000.0,15.110305228165611,869.0
776,RU000A100FF2,МКБ П01,1000.0,22.22222222222222,863.0
777,RU000A100FG0,СберИОС100,1000.0,21.00840336134453,873.0
778,RU000A100FR7,КАМАЗ БОП3,1000.0,15.273004963726612,857.0
779,RU000A100G03,БКЕ БО 1P3,1000.0,23.87774594078319,858.0
780,RU000A100GW5,АЛЬФА-БС01,10000000.0,11.37869205416717,9999862.0
781,RU000A100H44,СберИОС101,1000.0,20.89427496865859,876.0
782,RU000A100HE1,АЗБУКАВКП1,1000.0,14.076576576576578,876.0
783,RU000A100HU7,МТС 1P-10,1000.0,16.70843776106934,855.0
784,RU000A100J18,ДФФ БО1P-2,1000.0,15.453562046051614,869.0
785,RU000A100JE7,БалтЛизБП2,1000.0,14.534883720930232,874.0
786,RU000A100JH0,РитейлБФ01,1000.0,12.21001221001221,855.0
787,RU000A100K31,Рубеж 1P1,1000.0,14.32459533018192,873.0
788,RU000A100K49,КАМАЗ БОП4,1000.0,15.723270440251572,856.0
789,RU000A100KL0,РУСАБрБ1P2,1000.0,23.32089552238806,854.0
790,RU000A100KS5,МКБ П02,1000.0,22.22222222222222,867.0
791,RU000A100KZ0,СберИОС112,1000.0,24.75860361475613,858.0
792,RU000A100L48,СберИОС113,1000.0,21.00840336134453,855.0
793,RU000A100L55,МТС 1P-11,1000.0,16.920473773265652,851.0
794,RU000A100L63,БелугаБП2,1000.0,21.11040743086341,867.0
795,RU000A100LE3,ЛамбумБП01,10000.0,10.672814207650273,9857.0
796,RU000A100LN4,СберИОС105,1000.0,21.05263157894737,870.0
797,RU000A100ME1,АРАГОН БП2,1000.0,14.076576576576578,861.0
798,RU000A100MG6,СэтлГрБ1P2,1000.0,12.43781094527363,877.0
799,RU000A100N12,Систем1P11,1000.0,21.33560913164071,863.0
800,RU000A100NS9,РЕСОЛиБП05,1000.0,23.59603586597452,855.0
801,RU000A100NY7,СберИОС117,1000.0,21.00840336134453,866.0
802,RU000A100PA2,СберИОС118,1000.0,21.05263157894737,871.0
803,RU000A100PB0,ЖКХРСЯ БО1,1000.0,10.69747539580659,877.0
804,RU000A100PE4,РЕСОЛизБП6,1000.0,22.281639928698752,863.0
805,RU000A100PP0,БелОб34012,1000.0,17.13796058269066,867.0
806,RU000A100PR6,ЯрОбл35017,1000.0,16.818028927009752,874.0
807,RU000A100PX4,СберИОС123,1000.0,24.75860361475613,864.0
808,RU000A100Q35,ПР-Лиз 1P3,1000.0,10.13787510137875,871.0
809,RU000A100Q50,Самолет1P5,1000.0,17.361111111111114,865.0
810,RU000A100Q92,ЮАИЗ 1-002,1000.0,13.370771493515177,875.0
811,RU000A100QA0,Самолет1P6,1000.0,12.322858903265557,867.0
812,RU000A100R34,СберИОС129,1000.0,21.00840336134453,874.0
813,RU000A100RG5,ЕврХимБ1Р6,1000.0,17.032873445750297,876.0
814,RU000A100RR2,СберИОС130,1000.0,21.05263157894737,866.0
815,RU000A100RS0,ТЕХЛиз 1P2,750.0,10.088781275221953,613.0
816,RU000A100TB2,ПНППК 1P01,1000.0,12.156576707999026,869.0
817,RU000A100TL1,Кузина1P01,5920.0,6.758916746586292,5798.0
818,RU000A100TP2,СберИОС146,1000.0,24.75860361475613,854.0
819,RU000A100TS6,ТрансФ1P06,1000.0,21.68256721595837,853.0
820,RU000A100TU2,СберИОС133,1000.0,21.00840336134453,873.0
821,RU000A100TV0,СберИОС134,1000.0,21.05263157894737,870.0
822,RU000A100UG9,ХКФБанкБ06,1000.0,15.453562046051614,870.0
823,RU000A100V38,МоторТ1Р01,1000.0,8.912655971479502,851.0
824,RU000A100VD4,АйТеко1Р01,1000.0,9.902951079421667,864.0
825,RU000A100VS2,Атомстр 01,1000.0,21.11040743086341,864.0
826,RU000A100VV6,СберИОС153,1000.0,24.75860361475613,876.0
827,RU000A100VY0,ЭБИС Б1P01,1000.0,11.140819964349376,874.0
828,RU000A100W29,Роделен1Р2,1000.0,8.445165945165945,861.0
829,RU000A100W60,ЕвропланБ3,1000.0,22.7894257064722,863.0
830,RU000A100WA8,ЛСР БО 1Р4,1000.0,15.730690577316343,857.0
831,RU000A100WF7,Новосиб10,900.0,13.88888888888889,772.0
832,RU000A100X36,СберИОС156,1000.0,24.75860361475613,873.0
833,RU000A100X77,КЕБ БО1Р03,1000.0,14.8544266191325,871.0
834,RU000A100XA6,СберИОС143,1000.0,21.00840336134453,873.0
835,RU000A100XB4,СберИОС145,1000.0,21.04377104377104,878.0
836,RU000A100XP4,МосОбл2019,750.0,18.96813353566009,628.0
837,RU000A100XU4,РЕСОЛизБП7,1000.0,23.18571759795965,869.0
838,RU000A100Y84,БелОб34013,1000.0,19.10219675262656,867.0
839,RU000A100YB2,СберИОС160,1000.0,24.75860361475613,873.0
840,RU000A100YG1,Самолет1P7,1000.0,11.140819964349376,859.0
841,RU000A100YK3,КАМАЗ БОП5,1000.0,17.245627001724564,859.0
842,RU000A100YQ0,Роснфт2P9,1000.0,18.832391713747647,858.0
843,RU000A100YT4,Экспоб Б02,1000.0,17.289073305670815,851.0
844,RU000A100YY4,ИА ДОМ11P2,1000.0,14.279262086513992,868.0
845,RU000A100Z75,СберИОС139,1000.0,24.75860361475613,857.0
846,RU000A100Z91,ГТЛК 1P-15,800.0,17.38374619730552,670.0
847,RU000A100ZK0,МТС 1P-12,1000.0,19.5160031225605,865.0
848,RU000A100ZL8,ЛСР БО 1Р5,1000.0,15.918497293855458,873.0
849,RU000A1010D3,Якут-13 об,900.0,19.243104554201413,776.0
850,RU000A1010Y9,СберИОС162,1000.0,21.05263157894737,864.0
851,RU000A101103,СберИОС163,1000.0,21.05263157894737,855.0
852,RU000A101129,РСХБ Б01R,1000.0,15.865460891638902,875.0
853,RU000A101137,Газпнф3P1R,1000.0,19.5160031225605,866.0
854,RU000A1011B5,КраснодКр3,1000.0,19.234468166955185,852.0
855,RU000A1011C3,РУСАБрБ1P4,1000.0,17.95009872554299,853.0
856,RU000A1011F6,СберИОС171,1000.0,24.75860361475613,878.0
857,RU000A1011H2,СберИОС172,1000.0,24.75860361475613,861.0
858,RU000A1011K6,СберИОС173,1000.0,24.75860361475613,866.0
859,RU000A1011Q3,Новосиб 20,1000.0,20.563438206868188,855.0
860,RU000A1012K4,СЭЗ 1P1,1000.0,16.043638697256537,878.0
861,RU000A101376,СовкмFIZL1,1000.0,17.825311942959004,864.0
862,RU000A1013N6,ПионЛизБП3,1000.0,6.991051454138703,877.0
863,RU000A1013T3,ЛипецкОб11,1000.0,20.26342451874367,876.0
864,RU000A1013U1,Славнеф1Р3,1000.0,19.960079840319363,871.0
865,RU000A1013Y3,ЧеркизБ1P2,1000.0,17.825311942959004,865.0
866,RU000A101400,СберИОС180,1000.0,24.75860361475613,869.0
867,RU000A1014A1,ЭБИС Б1P02,1000.0,9.551098376313275,862.0
868,RU000A1014B9,О'КЕЙ Б1Р3,1000.0,17.032873445750297,852.0
869,RU000A1014J2,ВТБ Т2-3,10000000.0,23.87493430811825,9999852.0
870,RU000A1014S3,Новотр 1Р1,1000.0,15.276504735716466,876.0
871,RU000A1014V7,Л&Д БП1,7000.0,7.241878750258639,6857.0
872,RU000A101590,ДОМ 1P-7R,1000.0,22.660321776569223,864.0
873,RU000A1015S0,ЭТС 1Р01,1000.0,11.140819964349376,871.0
874,RU000A1015T8,"Апт36,61P1",1000.0,20.056157240272764,866.0
875,RU000A1015U6,СберИОС176,1000.0,21.05263157894737,861.0
876,RU000A1015V4,СберИОС175,1000.0,21.039343572480536,854.0
877,RU000A101624,Труд 1P-01,1000.0,10.69747539580659,873.0
878,RU000A101657,СберИОС182,1000.0,17.094017094017094,854.0
879,RU000A101665,НижгорОб14,1000.0,19.80590215884333,875.0
880,RU000A1016F5,Пионер 1P4,1000.0,12.732365673542146,851.0
881,RU000A1016K5,ЗЕНИТБО1Р5,1000.0,21.11040743086341,863.0
882,RU000A1016N9,СвердлОбл6,1000.0,19.960079840319363,854.0
883,RU000A1016U4,ГарИнв1P06,1000.0,11.626555051738167,868.0
884,RU000A1016Z3,ПИК К 1P2,1000.0,16.20482903905364,856.0
885,RU000A101798,ИНГРАД 2P1,1000.0,19.09854851031321,876.0
886,RU000A1017J5,Газпнф3P2R,1000.0,18.69508319312021,864.0
887,RU000A1017Q0,СберИОС187,1000.0,24.75860361475613,850.0
888,RU000A1017R8,СберИОС188,1000.0,24.75860361475613,864.0
889,RU000A1018A2,ТомскАдм 7,850.0,18.13913785744772,700.0
890,RU000A1018G9,КВС БО-01,1000.0,9.115770282588878,869.0
891,RU000A1018K1,Татнфт1P1,1000.0,20.729684908789388,850.0
892,RU000A1018L9,ЗавдКЭС1P1,1000.0,9.551098376313275,859.0
893,RU000A1018M7,СОПФ ФПФ 1,1000.0,14.819205690574984,877.0
894,RU000A1018N5,РОССИУМ1P3,1000.0,21.68256721595837,859.0
895,RU000A101939,МТС 1P-13,1000.0,20.729684908789388,878.0
896,RU000A101947,СибКХП 1P1,1000.0,10.091835704914724,855.0
897,RU000A101970,ВсИнстрБО2,1000.0,10.284891494394737,859.0
898,RU000A101988,МосОб34013,1000.0,20.41232904674424,855.0
899,RU000A1019A0,ИА ДОМ 4P1,1000.0,15.782102728731942,875.0
900,RU000A1019T0,СберИОС192,1000.0,21.05263157894737,856.0
901,RU000A1019U8,СберИОС191,1000.0,21.05263157894737,877.0
902,RU000A101C14,СберИОС207,1000.0,17.094017094017094,865.0
903,RU000A101C48,СберИОС206,1000.0,17.094017094017094,855.0
904,RU000A101CB6,ЛТрейд 1P1,833.4,8.113317757009346,702.4
905,RU000A101CL5,ФСК ЕЭС1Р4,1000.0,19.80590215884333,875.0
906,RU000A101CR2,СберИОС216,1000.0,21.05263157894737,868.0
907,RU000A101CY8,СберИОС212,1000.0,24.75860361475613,878.0
908,RU000A101D54,ГТЛК1520 2,800.0,13.64023870417732,662.0
909,RU000A101D62,СберИОС208,1000.0,24.75860361475613,872.0
910,RU000A101D96,РуСол клВ,905.86,6.684327036599764,757.86
911,RU000A101DA6,РуСол клА,844.33,11.597939560439562,710.33
912,RU000A101DB4,РуСол клБ,865.79,7.984046477314644,732.79
913,RU000A101DD0,РСХБ Б02RP,1000.0,17.686593562079942,872.0
914,RU000A101DR0,СберИОС210,1000.0,24.75860361475613,866.0
915,RU000A101DU4,ВитаЛайнБ1,1000.0,12.156576707999026,855.0
916,RU000A101EB2,СберИОС214,1000.0,21.05263157894737,855.0
917,RU000A101ED8,СберИОС215,1000.0,21.05263157894737,864.0
918,RU000A101EL1,СберИОС213,1000.0,24.75860361475613,850.0
919,RU000A101EN7,ТрансФ2P01,1000.0,6.802721088435374,875.0
920,RU000A101EW8,iРОСНАН2P2,1000.0,12.21001221001221,854.0
921,RU000A101FD5,СберИОС217,1000.0,17.094017094017094,862.0
922,RU000A101FH6,МТС 1P-14,1000.0,20.26342451874367,876.0
923,RU000A101FQ7,СберИОС211,1000.0,24.75860361475613,873.0
924,RU000A101GD3,ГТЛК 1P-16,750.0,19.23076923076923,601.0
925,RU000A101GF8,СберИОС224,1000.0,24.75860361475613,870.0
926,RU000A101GJ0,Газпнф3P3R,1000.0,21.561017680034496,858.0
927,RU000A101GP7,СберИОС226,1000.0,24.75860361475613,870.0
928,RU000A101GT9,СберИОС230,1000.0,24.75860361475613,860.0
929,RU000A101GW3,ЛЕГЕНДА1P2,1000.0,12.15574548907882,853.0
930,RU000A101H19,СберИОС227,1000.0,18.28153564899452,873.0
931,RU000A101H43,Самолет1P8,1000.0,18.23154056517776,877.0
932,RU000A101H84,РЖД 1Р-18R,1000.0,17.50087504375219,854.0
933,RU000A101HA7,МоторТ1Р02,1000.0,10.284891494394737,874.0
934,RU000A101HF6,СберИОС223,1000.0,21.05263157894737,876.0
935,RU000A101HG4,СберИОС219,1000.0,21.05263157894737,861.0
936,RU000A101HH2,СберИОС218,1000.0,21.05263157894737,865.0
937,RU000A101HK6,СберИОС231,1000.0,24.75860361475613,851.0
938,RU000A101HP5,ИНГРАД 2P2,1000.0,8.533879501621437,875.0
939,RU000A101HU5,Брус 1P01,1000.0,12.156576707999026,860.0
940,RU000A101J41,СберИОС232,1000.0,24.75860361475613,864.0
941,RU000A101J58,СберИОС233,1000.0,24.75860361475613,859.0
942,RU000A101JD7,ИА ДОМ 5P1,1000.0,15.601325757575758,871.0
943,RU000A101JW7,СберИОС229,1000.0,21.05263157894737,866.0
944,RU000A101KF0,СберИОС244,1000.0,24.75860361475613,857.0
945,RU000A101KH6,СберИОС242,1000.0,24.75860361475613,866.0
946,RU000A101KK0,РОСНАНО2P4,1000.0,19.59631589261219,878.0
947,RU000A101L21,СберИОС250,1000.0,24.75860361475613,875.0
948,RU000A101LB7,СберИОС245,1000.0,24.75860361475613,856.0
949,RU000A101LF8,СберИОС252,1000.0,24.75860361475613,850.0
950,RU000A101LT9,СберИОС248,1000.0,21.05263157894737,868.0
951,RU000A101LU7,СберИОС241,1000.0,21.05263157894737,867.0
952,RU000A101LV5,iСЛТ001P03,1000.0,12.156576707999026,861.0
953,RU000A101LX1,ФСК ЕЭС1Р5,1000.0,20.563438206868188,870.0
954,RU000A101MB5,СовкомБОП2,1000.0,21.561017680034496,866.0
955,RU000A101MG4,РоссетБ1Р2,1000.0,20.563438206868188,853.0
956,RU000A101MH2,СберИОС253,1000.0,24.75860361475613,858.0
957,RU000A101MZ4,МежИнБ01P4,1000.0,19.80590215884333,877.0
958,RU000A101NG2,МТС 1P-15,1000.0,20.26342451874367,852.0
959,RU000A101NH0,МТС 1P-16,1000.0,20.26342451874367,851.0
960,RU000A101NQ1,ВБРР 1P-04,1000.0,20.563438206868188,871.0
961,RU000A101P27,Якут-35014,800.0,20.607934054611025,659.0
962,RU000A101PA0,БелОб34014,1000.0,22.660321776569223,850.0
963,RU000A101PB8,АЛРОСА Б06,1000.0,23.24500232450024,866.0
964,RU000A101PC6,АЛРОСА Б07,1000.0,23.24500232450024,850.0
965,RU000A101PD4,АЛРОСА Б05,1000.0,23.24500232450024,861.0
966,RU000A101PF9,АЛРОСА Б04,1000.0,23.24500232450024,858.0
967,RU000A101PG7,АЛРОСА Б03,1000.0,23.24500232450024,860.0
968,RU000A101PK9,ЕАБР 1P-07,1000.0,22.660321776569223,876.0
969,RU000A101PP8,СовкмFIZL2,1000.0,20.563438206868188,853.0
970,RU000A101PV6,РКСБ01,1000.0,9.551098376313275,866.0
971,RU000A101Q34,ТрансФ2P02,1000.0,6.716367788300087,872.0
972,RU000A101QF7,РитйлБФ1P1,1000.0,14.14827391058291,873.0
973,RU000A101QJ9,СберИОС257,1000.0,21.05263157894737,857.0
974,RU000A101QL5,ГТЛК 1P-17,1000.0,17.96945193171608,858.0
975,RU000A101QV4,СберИОС272,1000.0,24.75860361475613,861.0
976,RU000A101QX0,СберИОС270,1000.0,24.75860361475613,858.0
977,RU000A101QY8,СберИОС273,1000.0,24.75860361475613,874.0
978,RU000A101RB4,БелОб34015,1000.0,23.05209774089442,866.0
979,RU000A101S32,СберИОС274,1000.0,24.75860361475613,878.0
980,RU000A101S81,РУСАБрБ2P1,1000.0,20.563438206868188,876.0
981,RU000A101S99,КировЗд1Р1,1000.0,14.076576576576578,852.0
982,RU000A101SC0,ГТЛК 1P-18,1000.0,17.05029838022165,873.0
983,RU000A101SD8,ГТЛК 1P-19,1000.0,16.77570877369569,866.0
984,RU000A101SF3,Роснфт2P10,1000.0,23.05209774089442,859.0
985,RU000A101SM9,КАМАЗ БОП7,1000.0,19.960079840319363,851.0
986,RU000A101SS6,СберИОС256,1000.0,21.05263157894737,876.0
987,RU000A101SW8,СберИОС265,1000.0,21.05263157894737,862.0
988,RU000A101SX6,СберИОС266,1000.0,23.80952380952381,872.0
989,RU000A101T23,СберИОС279,1000.0,24.75860361475613,871.0
990,RU000A101T31,СберИОС264,1000.0,24.75860361475613,871.0
991,RU000A101T64,Славнеф1Р1,1000.0,21.915406530791145,873.0
992,RU000A101T72,"Апт36,62P1",1000.0,19.09854851031321,854.0
993,RU000A101TD6,ИА ДОМ15P2,1000.0,17.368715083798882,858.0
994,RU000A101TE4,РедСофт2P1,1000.0,10.69747539580659,859.0
995,RU000A101TR6,ЭТС 1Р02,800.0,11.143613316617914,660.0
996,RU000A101TS4,Джи-гр 1Р1,900.0,10.6951871657754,757.0
997,RU000A101TZ9,СберИОС280,1000.0,24.75860361475613,876.0
998,RU000A101U20,СберИОС278,1000.0,23.80952380952381,878.0
999,RU000A101U79,ХКФинБ1P4,1000.0,17.825311942959004,865.0
1000,RU000A101U95,ИА ДОМ14P2,1000.0,17.83958837772397,864.0
1001,RU000A101UG7,СвердлОбл7,1000.0,23.05209774089442,866.0
1002,RU000A101UL7,ГЕНЕТИКБ01,1000.0,9.551098376313275,878.0
1003,RU000A101UR4,БСК 1Р-02,1000.0,20.26342451874367,878.0
1004,RU000A101UU8,Соц.разв01,828.11,9.92937649880096,682.11
1005,RU000A101UW4,Соц.разв02,828.11,6.217042042042043,702.11
1006,RU000A101UZ7,СберИОС282,1000.0,24.75860361475613,851.0
1007,RU000A101V11,СберИОС283,1000.0,24.75860361475613,863.0
1008,RU000A101VK7,СберИОС286,1000.0,24.75860361475613,871.0
1009,RU000A101VL5,СберИОС285,1000.0,24.75860361475613,852.0
1010,RU000A101VR2,ЭТС 1Р03,800.0,11.143613316617914,654.0
1011,RU000A101VS0,СберИОС288,1000.0,24.75860361475613,864.0
1012,RU000A101W28,СберИОС276,1000.0,18.181818181818183,871.0
1013,RU000A101W36,СберИОС277,1000.0,18.181818181818183,874.0
1014,RU000A101WB4,ЧТПЗ 1P5,1000.0,20.26342451874367,875.0
1015,RU000A101WD0,ЯрОбл35018,850.0,22.274633123689725,701.0
1016,RU000A101WG3,СберИОС292,1000.0,24.75860361475613,855.0
1017,RU000A101WL3,МосОб34014,1000.0,23.24500232450024,851.0
1018,RU000A101WQ2,РСХБ Б03RP,1000.0,20.38320423970648,872.0
1019,RU000A101WU4,СберИОС296,1000.0,24.75860361475613,874.0
1020,RU000A101WV2,СберИОС295,1000.0,24.75860361475613,872.0
1021,RU000A101XD8,iMT_FREE01,1000.0,18.65671641791045,876.0
1022,RU000A101XE6,СовкмЛ П02,1000.0,20.26342451874367,875.0
1023,RU000A101XN7,Систем1P14,1000.0,21.05706464518846,868.0
1024,RU000A101Y75,СберИОС297,1000.0,24.75860361475613,864.0
1025,RU000A101Y83,СберИОС291,1000.0,16.39344262295082,859.0
1026,RU000A101YD6,ЛЕГЕНДА1P3,1000.0,9.902951079421667,873.0
1027,RU000A101YG9,СберИОС298,1000.0,24.75860361475613,857.0
1028,RU000A101YV8,ПозТех-1Р1,1000.0,11.626555051738167,859.0
1029,RU000A101Z17,СвердлОбл8,1000.0,21.915406530791145,861.0
1030,RU000A101Z66,БалтЛизБП3,1000.0,18.69508319312021,868.0
1031,RU000A101ZQ5,СберИОС293,1000.0,24.75860361475613,876.0
1032,RU000A101ZR3,СберИОС301,1000.0,24.75860361475613,853.0
1033,RU000A101ZS1,СберИОС302,1000.0,24.75860361475613,872.0
1034,RU000A101ZU7,ИА Абс5 01,1000.0,20.816528272044287,859.0
1035,RU000A101ZV5,СберИОС294,1000.0,24.75860361475613,862.0
1036,RU000A102028,ЭНИКА 1Р01,1000.0,10.284891494394737,854.0
1037,RU000A102036,НХП БО-П01,10000.0,8.449085808915475,9861.0
1038,RU000A1020F7,СберИОС304,1000.0,24.75860361475613,854.0
1039,RU000A1020L5,СамарОбл15,1000.0,23.05209774089442,876.0
1040,RU000A1020S0,ПКБ 1Р-01,1000.0,10.284891494394737,861.0
1041,RU000A1020W2,СветофорП2,1000.0,11.140819964349376,851.0
1042,RU000A102101,ЭБИС Б1P03,1000.0,10.284891494394737,862.0
1043,RU000A102168,СберИОС311,1000.0,24.75860361475613,874.0
1044,RU000A102176,СберИОС312,1000.0,24.75860361475613,856.0
1045,RU000A102192,РОССИУМ2P1,1000.0,19.565642731363724,861.0
1046,RU000A1021A6,РОССИУМ2P2,1000.0,19.565642731363724,869.0
1047,RU000A1021E8,СФО СФИ 02,1000.0,8.448800270361609,869.0
1048,RU000A1021M1,СберИОС305,1000.0,24.75860361475613,860.0
1049,RU000A1021N9,СберИОС306,1000.0,24.75860361475613,856.0
1050,RU000A1021P4,СберИОС309,1000.0,24.75860361475613,878.0
1051,RU000A1021Q2,СберИОС310,1000.0,24.75860361475613,858.0
1052,RU000A102200,ВитаЛ 1Р01,1000.0,13.370771493515177,854.0
1053,RU000A102234,ТЕХЛиз 1P3,1000.0,8.114248620577735,860.0
1054,RU000A102242,СберИОС315,1000.0,24.75860361475613,857.0
1055,RU000A102259,СберИОС316,1000.0,24.75860361475613,864.0
1056,RU000A1022E6,ПР-Лиз 2P1,1000.0,10.13787510137875,860.0
1057,RU000A1022G1,БизНед 1Р1,1000.0,12.795905310300704,876.0
1058,RU000A1022N7,СберИОС318,1000.0,24.75860361475613,852.0
1059,RU000A1022R8,СберИОС327,1000.0,24.75860361475613,870.0
1060,RU000A102341,СберИОС308,1000.0,24.75860361475613,876.0
1061,RU000A102358,СберИОС307,1000.0,24.75860361475613,867.0
1062,RU000A1023H7,МежИнБ01P5,1000.0,22.47696111485727,871.0
1063,RU000A1023X4,СберИОС323,1000.0,24.75860361475613,862.0
1064,RU000A1023Y2,СберИОС324,1000.0,24.75860361475613,874.0
1065,RU000A1023Z9,СберИОС319,1000.0,24.75860361475613,876.0
1066,RU000A1024L7,Томскобл20,1000.0,15.13317191283293,854.0
1067,RU000A1024N3,СберИОС329,1000.0,24.75860361475613,856.0
1068,RU000A1024T0,СберИОС330,1000.0,24.75860361475613,850.0
1069,RU000A1024W4,ЧеркизБ1P3,1000.0,21.561017680034496,865.0
1070,RU000A102556,СЭЗ 1P2,1000.0,12.43781094527363,852.0
1071,RU000A102564,РЖД 1Б-03,1000.0,22.815423226100844,853.0
1072,RU000A102598,ЛипецкОб12,800.0,23.24905550712002,671.0
1073,RU000A1025E9,РегПрод1Р1,1000.0,11.140819964349376,869.0
1074,RU000A1025F6,БелОб34016,1000.0,23.454157782515992,878.0
1075,RU000A1025H2,ВБРР 1P-05,1000.0,23.05209774089442,862.0
1076,RU000A1025J8,СберИОС331,1000.0,24.75860361475613,864.0
1077,RU000A1025L4,СберИОС336,1000.0,24.75860361475613,853.0
1078,RU000A1025R1,СберИОС345,1000.0,24.75860361475613,867.0
1079,RU000A1025S9,СберИОС346,1000.0,24.75860361475613,851.0
1080,RU000A102614,СберИОС338,1000.0,24.75860361475613,869.0
1081,RU000A102622,СберИОС340,1000.0,24.75860361475613,876.0
1082,RU000A1026B3,Башкорт20,1000.0,22.660321776569223,856.0
1083,RU000A1026C1,ПИК К 1P3,1000.0,18.06684733514002,866.0
1084,RU000A1026E7,СберИОС332,1000.0,24.75860361475613,850.0
1085,RU000A1026M0,СберИОС341,1000.0,24.75860361475613,858.0
1086,RU000A1026N8,СберИОС342,1000.0,24.75860361475613,865.0
1087,RU000A1026P3,СберИОС343,1000.0,24.75860361475613,870.0
1088,RU000A1026R9,СибСтекП02,10000.0,8.11108948153916,9860.0
1089,RU000A102713,РСХБ Б04RP,1000.0,19.80590215884333,871.0
1090,RU000A1027A3,СберИОС348,1000.0,24.75860361475613,869.0
1091,RU000A1027B1,СберИОС349,1000.0,24.75860361475613,857.0
1092,RU000A102887,ВТБСУБТ2-2,10000000.0,22.407759968613004,9999878.0
1093,RU000A102895,Новосиб 21,1000.0,22.862368541380885,859.0
1094,RU000A1028C7,КИВИФ 1Р01,1000.0,15.918497293855458,857.0
1095,RU000A1028J2,СберИОС354,1000.0,24.75860361475613,863.0
1096,RU000A1028K0,СберИОС355,1000.0,24.75860361475613,869.0
1097,RU000A1028T1,ФСК ЕЭС1Р2,1000.0,20.26342451874367,872.0
1098,RU000A1028U9,РЖД 1Б-04,1000.0,22.084805653710248,860.0
1099,RU000A102952,ВИС Ф БП01,1000.0,14.8544266191325,873.0
1100,RU000A1029C5,СберИОС333,1000.0,24.75860361475613,862.0
1101,RU000A1029E1,СберИОС351,1000.0,24.75860361475613,868.0
1102,RU000A1029F8,ЛТрейд 1P2,1000.0,9.384384384384385,866.0
1103,RU000A1029G6,КрасЯрск13,1000.0,21.39495079161318,853.0
1104,RU000A1029P7,ТелХолПБО4,1000.0,16.920473773265652,865.0
1105,RU000A1029Q5,СберИОС359,1000.0,24.75860361475613,870.0
1106,RU000A1029R3,СберИОС357,1000.0,24.75860361475613,862.0
1107,RU000A1029S1,СберИОС360,1000.0,24.75860361475613,873.0
1108,RU000A1029T9,iСЛТ001P04,1000.0,15.021781583295777,859.0
1109,RU000A102A56,СберИОС353,1000.0,24.75860361475613,856.0
1110,RU000A102A64,СберИОС352,1000.0,24.75860361475613,877.0
1111,RU000A102A72,СберИОС366,1000.0,24.75860361475613,859.0
1112,RU000A102A80,СберИОС367,1000.0,24.75860361475613,861.0
1113,RU000A102AB8,ЗавдКЭС1P2,1000.0,9.551098376313275,868.0
1114,RU000A102AP8,ИА ДОМ17P2,1000.0,19.71108490566038,855.0
1115,RU000A102B30,ИнтЛиз1Р01,1000.0,13.506212857914642,877.0
1116,RU000A102B48,ЯТЭК 1P-1,1000.0,23.59603586597452,854.0
1117,RU000A102B97,ВитаЛ 1Р02,1000.0,13.711778417660772,876.0
1118,RU000A102BE0,СберИОС356,1000.0,24.75860361475613,856.0
1119,RU000A102BF7,Продкорп01,1000.0,22.43158366980709,869.0
1120,RU000A102BK7,О'КЕЙ Б1Р4,1000.0,17.825311942959004,872.0
1121,RU000A102BR2,СберИОС375,1000.0,24.75860361475613,853.0
1122,RU000A102BS0,СберИОС376,1000.0,24.75860361475613,874.0
1123,RU000A102BZ5,СберИОС373,1000.0,24.75860361475613,851.0
1124,RU000A102C13,СберИОС374,1000.0,24.75860361475613,851.0
1125,RU000A102C88,СберИОС358,1000.0,24.75860361475613,876.0
1126,RU000A102C96,СберИОС363,1000.0,24.75860361475613,851.0
1127,RU000A102CA6,СберИОС364,1000.0,24.75860361475613,851.0
1128,RU000A102CD0,ХКФинБ1P5,1000.0,17.825311942959004,877.0
1129,RU000A102CR0,МосОб35015,1000.0,22.47696111485727,877.0
1130,RU000A102CT6,СвердлОбл9,1000.0,21.39495079161318,873.0
1131,RU000A102CX8,Ульоб34003,800.0,21.384656508954823,657.0
1132,RU000A102D38,СберИОС368,1000.0,24.75860361475613,856.0
1133,RU000A102D46,ИА ДОМ18P2,1000.0,17.530521642619313,871.0
1134,RU000A102D53,СберИОС380,1000.0,24.75860361475613,870.0
1135,RU000A102D61,СберИОС382,1000.0,24.75860361475613,875.0
1136,RU000A102D87,СберИОС369,1000.0,24.75860361475613,871.0
1137,RU000A102DF3,СберИОС378,1000.0,24.75860361475613,877.0
1138,RU000A102DG1,СберИОС370,1000.0,24.75860361475613,853.0
1139,RU000A102DK3,iMT-FREE02,1000.0,20.56766762649116,868.0
1140,RU000A102DQ0,СвердлОб10,1000.0,23.05209774089442,867.0
1141,RU000A102DR8,ОмскОб20,1000.0,20.729684908789388,868.0
1142,RU000A102DS6,НижгорОб15,1000.0,21.915406530791145,856.0
1143,RU000A102DZ1,ГарИнв2P01,1000.0,12.732365673542146,851.0
1144,RU000A102E37,РЖД 1Б-05,1000000.0,12.448754701272213,999873.0
1145,RU000A102EE4,Роснфт3P02,1000.0,23.59603586597452,866.0
1146,RU000A102EF1,Роснфт3P01,1000.0,23.59603586597452,864.0
1147,RU000A102F85,ЧТПЗ 1P6,1000.0,19.665683382497544,870.0
1148,RU000A102FE1,РЖД 1Б-06,1000000.0,22.33289910733169,999872.0
1149,RU000A102FL6,СберИОС377,1000.0,24.75860361475613,858.0
1150,RU000A102FQ5,Сбер Sb20R,1000.0,22.7894257064722,869.0
1151,RU000A102FS1,Систем1P16,1000.0,21.915406530791145,868.0
1152,RU000A102FV5,Челяб35001,1000.0,22.281639928698752,873.0
1153,RU000A102G35,МосОб35016,1000.0,22.47696111485727,852.0
1154,RU000A102G76,СберИОС383,1000.0,24.75860361475613,857.0
1155,RU000A102GA7,РЖД 1Б-07,1000000.0,12.980546314848862,999861.0
1156,RU000A102GD1,ИАДОМ Б1P3,1000.0,16.8989898989899,870.0
1157,RU000A102GG4,СберИОС384,1000.0,24.75860361475613,855.0
1158,RU000A102GH2,СберИОС385,1000.0,24.75860361475613,877.0
1159,RU000A102GL4,СберИОС389,1000.0,24.75860361475613,871.0
1160,RU000A102GM2,СберИОС390,1000.0,24.75860361475613,874.0
1161,RU000A102GN0,СберИОС391,1000.0,24.75860361475613,873.0
1162,RU000A102GP5,СберИОС392,1000.0,24.75860361475613,874.0
1163,RU000A102GQ3,СберИОС393,1000.0,24.75860361475613,874.0
1164,RU000A102GR1,СберИОС394,1000.0,24.75860361475613,862.0
1165,RU000A102GV3,ИАДОМ Б1P1,1000.0,16.751447876447877,870.0
1166,RU000A102GW1,СовкмЛ П03,1000.0,20.563438206868188,860.0
1167,RU000A102GY7,iХэдХ1P01R,1000.0,20.729684908789388,856.0
1168,RU000A102GZ4,СберИОС396,1000.0,24.75860361475613,863.0
1169,RU000A102H34,СтаврКрай4,1000.0,21.561017680034496,878.0
1170,RU000A102H83,РенКредБО4,1000.0,23.736055067647754,860.0
1171,RU000A102HA5,МСПБанкС01,10000000.0,23.59405280754836,9999853.0
1172,RU000A102HF4,СвердлОб11,1000.0,23.45765892563922,868.0
1173,RU000A102HG2,ОхтаГр БП0,1000.0,11.140819964349376,866.0
1174,RU000A102HH0,СберИОС386,1000.0,24.75860361475613,861.0
1175,RU000A102HK4,СберИОС387,1000.0,24.75860361475613,878.0
1176,RU000A102HX7,РОССИУМ2P3,1000.0,21.68256721595837,852.0
1177,RU000A102J57,ТЕПЛОЭН1Р1,1000.0,13.370771493515177,875.0
1178,RU000A102JB9,ИАДОМ Б1P2,1000.0,16.942171717171714,850.0
1179,RU000A102JW5,СберИОС399,1000.0,24.75860361475613,875.0
1180,RU000A102K13,ИАДОМ Б1P4,1000.0,12.82982866043614,868.0
1181,RU000A102KG6,Пионер 1P5,1000.0,13.711778417660772,878.0
1182,RU000A102KN2,КалинОбл20,1000.0,21.915406530791145,851.0
1183,RU000A102KQ5,РКС2Р1,1000.0,10.69747539580659,877.0
1184,RU000A102KT9,Краснод 20,1000.0,19.960079840319363,855.0
1185,RU000A102KZ6,ГСП-Ф 01,1000.0,19.5160031225605,855.0
1186,RU000A102L20,Т-ФИН 01,1000.0,20.05295950155763,860.0
1187,RU000A102L61,Челяб35002,1000.0,22.281639928698752,863.0
1188,RU000A102L79,Челяб35003,1000.0,22.281639928698752,852.0
1189,RU000A102L87,ИАДОМ Б1P5,731.5,15.847053726169843,591.5
1190,RU000A102L95,Газпнф3P4R,1000.0,14.8544266191325,859.0
1191,RU000A102LB5,iПМЕДДМ1Р1,1000.0,21.11040743086341,864.0
1192,RU000A102LD1,ЧеркизБ1P4,1000.0,20.885547201336674,856.0
1193,RU000A102LF6,ПионЛизБП4,1000.0,10.69747539580659,865.0
1194,RU000A102LR1,ТомскАдм 8,1000.0,19.960079840319363,875.0
1195,RU000A102LS9,ГарИнв2P02,1000.0,13.370771493515177,853.0
1196,RU000A102LW1,АБЗ-1 1Р01,1000.0,11.140819964349376,868.0
1197,RU000A102M37,ПрУдмР08,1000.0,20.885547201336674,855.0
1198,RU000A102M86,ВсИнстрБО3,1000.0,14.8544266191325,869.0
1199,RU000A102M94,ОГК-2 3Р01,943.2,17.82312925170068,811.2
1200,RU000A102MA5,ГСП-Ф 02,1000.0,12.82051282051282,864.0
1201,RU000A102MB3,Титан-3 01,1000.0,13.602869649805449,877.0
1202,RU000A102MR9,ГСП-Ф БО01,1000.0,20.26342451874367,858.0
1203,RU000A102QQ2,СовкмЛ П04,1000.0,21.561017680034496,877.0
1204,RU000A102QX8,ЛайфСтр П1,1000.0,13.370771493515177,877.0
1205,RU000A102QY6,ТФН 01,1000.0,11.140819964349376,867.0
1206,RU000A102RC0,СберИОС417,1000.0,24.75860361475613,867.0
1207,RU000A102RD8,СберИОС419,1000.0,24.75860361475613,871.0
1208,RU000A102RE6,СберИОС421,1000.0,24.75860361475613,857.0
1209,RU000A102RF3,ХКФБанкБ07,1000.0,19.5160031225605,872.0
1210,RU000A102RR8,Сбер Sb23R,1000.0,22.7894257064722,876.0
1211,RU000A102RU2,Европлн1Р1,1000.0,18.832391713747647,873.0
1212,RU000A102RX6,Самолет1P9,1000.0,22.158209616662973,872.0
1213,RU000A102S23,Победа1Р1,1000.0,13.711778417660772,872.0
1214,RU000A102S72,РЖД 1Б-08,1000000.0,19.17298848029333,999873.0
1215,RU000A102SC8,ТМК 1P02,1000.0,18.69508319312021,868.0
1216,RU000A102SG9,iСелктлР1R,1000.0,23.59603586597452,860.0
1217,RU000A102SM7,СДЭКГлБП01,1000.0,10.670081092616304,871.0
1218,RU000A102SU0,СберИОС420,1000.0,24.75860361475613,868.0
1219,RU000A102SV8,Систем1P18,1000.0,19.37984496124032,866.0
1220,RU000A102SX4,Систем1P19,1000.0,18.19505094614265,853.0
1221,RU000A102T63,ЛСР БО 1Р6,1000.0,16.70843776106934,852.0
1222,RU000A102TD4,СберИОС423,1000.0,24.75860361475613,873.0
1223,RU000A102TJ1,ТМК 1P03,1000.0,18.19505094614265,876.0
1224,RU000A102TK9,ЮниСКап02К,10000.0,11.521268261210194,9851.0
1225,RU000A102TR4,РитйлБФ1P2,1000.0,12.919896640826872,855.0
1226,RU000A102TT0,РусАква1Р1,1000.0,21.11040743086341,861.0
1227,RU000A102UC4,СберИОС413,1000.0,24.75860361475613,876.0
1228,RU000A102US0,ТАЛАНФБ1P2,1000.0,12.732365673542146,868.0
1229,RU000A102UU6,ВЭБ1P-К106,1000.0,11.592858798979828,868.0
1230,RU000A102UX0,ВЭБ1P-К104,1000.0,12.5,878.0
1231,RU000A102UY8,ВЭБ1P-К105,1000.0,12.5,861.0
1232,RU000A102UZ5,КировЗд1Р2,1000.0,14.076576576576578,868.0
1233,RU000A102V69,СберИОС410,1000.0,24.75860361475613,858.0
1234,RU000A102VK5,ВИС Ф БП02,1000.0,14.613473622680113,867.0
1235,RU000A102VR0,ГТЛК 2P-01,1000.0,17.032873445750297,855.0
1236,RU000A102VW0,ЭлемЛиз1P3,1000.0,16.20482903905364,850.0
1237,RU000A102VY6,АТОМ БП01,1000.0,23.59603586597452,873.0
1238,RU000A102W68,ХКФинБ1P6,1000.0,17.825311942959004,870.0
1239,RU000A102WA4,СберИОС404,1000.0,24.75860361475613,877.0
1240,RU000A102WB2,СберИОС429,1000.0,24.75860361475613,871.0
1241,RU000A102WC0,СберИОС431,1000.0,24.75860361475613,850.0
1242,RU000A102WL1,Экспоб Б03,1000.0,16.534391534391535,866.0
1243,RU000A102X18,ГарИнв2P03,1000.0,12.732365673542146,873.0
1244,RU000A102X26,СберИОС432,1000.0,24.75860361475613,860.0
1245,RU000A102Y58,Брус 1P02,1000.0,13.929516645772392,864.0
1246,RU000A102Y66,ЛЕГЕНДА1P4,1000.0,13.435442697836896,861.0
1247,RU000A102YN3,ВЭБ1P-К116,1000.0,11.394712853236095,870.0
1248,RU000A102ZH2,ЯТЭК 1P-2,1000.0,21.920210434020166,865.0
1249,RU000A102ZS9,ЭБИС Б1P04,1000.0,11.140819964349376,861.0
1250,RU000A102ZZ4,СберИОС433,1000.0,24.75860361475613,871.0
1251,RU000A1030K6,ТелХолПБО5,1000.0,15.918497293855458,877.0
1252,RU000A1030N0,ФЭС-АгроБ2,1000.0,12.156576707999026,862.0
1253,RU000A1030X9,СэтлГрБ1P3,1000.0,15.730690577316343,852.0
1254,RU000A103125,ИАДОМ Б1P7,802.83,14.693081991215228,680.83
1255,RU000A103133,Новотр 1Р2,1000.0,14.613473622680113,861.0
1256,RU000A1031G2,СберИОС412,1000.0,24.75860361475613,857.0
1257,RU000A1031K4,ИАДОМ Б1P8,786.68,14.589762611275964,661.68
1258,RU000A103216,СберИОС442,1000.0,24.75860361475613,868.0
1259,RU000A103273,СберИОС437,1000.0,24.75860361475613,855.0
1260,RU000A103281,СберИОС405,1000.0,24.75860361475613,862.0
1261,RU000A1032K2,СберИОС438,1000.0,24.75860361475613,873.0
1262,RU000A1032N6,СберИОС436,1000.0,24.75860361475613,854.0
1263,RU000A1032P1,ВТБРКС01,1000.0,13.388673182487617,877.0
1264,RU000A1032X5,ТЕХЛиз 1P4,1000.0,9.42684766214178,855.0
1265,RU000A1033B9,Якут-35015,1000.0,18.436578171091448,871.0
1266,RU000A103414,РедСофт2P2,1000.0,12.156576707999026,850.0
1267,RU000A1034J0,Европлн1Р2,1000.0,17.13796058269066,873.0
1268,RU000A1034M4,ВсИнстрБО4,1000.0,13.64442625187611,858.0
1269,RU000A1034P7,ВТБСУБТ1-5,10000000.0,20.05494493373385,9999874.0
1270,RU000A1034Q5,ВТБСУБТ1-6,10000000.0,17.82661795721576,9999867.0
1271,RU000A1034X1,ЛТрейд 1P3,1000.0,9.218289085545724,878.0
1272,RU000A103539,СберИОС445,1000.0,24.75860361475613,860.0
1273,RU000A103588,СберИОС446,1000.0,24.75860361475613,860.0
1274,RU000A103604,ЭНИКА 1Р02,1000.0,10.284891494394737,878.0
1276,RU000A1036S6,ФСК ЕЭС1Р3,1000.0,17.825311942959004,852.0
1277,RU000A1036X6,ВитаЛ 1Р03,1000.0,13.370771493515177,851.0
1278,RU000A103760,ХКФБанкБ04,1000.0,16.70843776106934,860.0
1279,RU000A1037L9,БифТек1P1,1000.0,11.883541295306,850.0
1280,RU000A1037S4,С-ИнновБП2,1000.0,12.156576707999026,857.0
1281,RU000A103828,ЭТС 1Р04,1000.0,13.506212857914642,852.0
1282,RU000A1038M5,ГТЛК 1P-20,1000.0,17.032873445750297,868.0
1283,RU000A103935,реСторБ1Р1,1000.0,16.509823344890208,859.0
1284,RU000A103943,Аэрофл БО1,1000.0,16.01024655779699,853.0
1285,RU000A103968,СберИОС401,1000.0,24.75860361475613,874.0
1286,RU000A1039A8,ГазпромК 2,1000000.0,23.73366085785317,999874.0
1287,RU000A1039F7,РЕСОЛиБП14,1000.0,13.528138528138529,863.0
1288,RU000A1039K7,ВТБ Б1-228,1000.0,22.281639928698752,864.0
1289,RU000A103AF7,СберИОС450,1000.0,24.75860361475613,861.0
1290,RU000A103AM3,СберИОС435,1000.0,24.75860361475613,871.0
1291,RU000A103B05,Татнхим 02,1000.0,9.218289085545724,861.0
1292,RU000A103BE8,ВТБ Б1-231,1000.0,17.825311942959004,850.0
1293,RU000A103C46,ПИК К 1P4,1000.0,16.307893020221787,851.0
1294,RU000A103C53,РЕСОЛиБП11,1000.0,23.45765892563922,852.0
1295,RU000A103C87,СберИОС454,1000.0,24.75860361475613,853.0
1296,RU000A103C95,Систем1P21,1000.0,23.87774594078319,851.0
1297,RU000A103CD8,Дельта1Р01,1000.0,12.732365673542146,867.0
1298,RU000A103CR8,СберИОС456,1000.0,24.75860361475613,866.0
1299,RU000A103D37,ИА ТБ1А,1000.0,12.836246200607905,872.0
1300,RU000A103DB0,ОткрБРСО3,1000.0,6.789788158609452,878.0
1301,RU000A103DH7,МетИнвБ П2,1000.0,14.48435689455388,870.0
1302,RU000A103DJ3,МетИнвБ П3,1000.0,13.520822065981612,853.0
1303,RU000A103DN5,Башкорт21,1000.0,17.479461632581717,865.0
1304,RU000A103DP0,КАМАЗ БОП8,1000.0,16.110842597067826,851.0
1305,RU000A103DT2,ИСКЧ БО01,1000.0,12.43781094527363,854.0
1306,RU000A103F27,ЦППК 1P-03,1000.0,21.11040743086341,869.0
1307,RU000A103F68,РЕСОЛиБП19,1000.0,12.218963831867056,855.0
1308,RU000A103F92,СберИОС457,1000.0,24.75860361475613,861.0
1309,RU000A103FM2,СберИОС460,1000.0,24.75860361475613,873.0
1310,RU000A103G00,СТМ 1P2,1000.0,23.05209774089442,850.0
1311,RU000A103G91,iПМЕДДМ1Р2,1000.0,21.22241086587437,872.0
1312,RU000A103GF4,ВТБ Б1-229,1000.0,20.10454362685968,865.0
1313,RU000A103GW9,МКБ 1P4,1000.0,23.820867079561697,861.0
1314,RU000A103H25,ХимТэк 1Р1,1000.0,10.284891494394737,876.0
1315,RU000A103HG0,АйДиКоле01,1000.0,8.451656524678837,867.0
1316,RU000A103HT3,МВ ФИН 1Р2,1000.0,16.509823344890208,865.0
1317,RU000A103JB7,СберИОС462,1000.0,24.75860361475613,873.0
1318,RU000A103JQ5,СберИОС402,1000.0,24.75860361475613,861.0
1319,RU000A103JR3,Джи-гр 2Р1,1000.0,12.611930886618742,877.0
1320,RU000A103K20,Маныч02,1000.0,11.140819964349376,869.0
1321,RU000A103KJ8,Европлн1Р3,1000.0,23.45765892563922,853.0
1322,RU000A103L03,СамолетP10,1000.0,14.613473622680113,856.0
1323,RU000A103LD9,СберИОС463,1000.0,24.75860361475613,850.0
1324,RU000A103LF4,СберИОС465,1000.0,24.75860361475613,872.0
1325,RU000A103M10,БалтЛизБП4,1000.0,15.918497293855458,877.0
1326,RU000A103M36,ТрансФ1P07,1000.0,13.64442625187611,866.0
1327,RU000A103M85,Страна 01,1000.0,8.451656524678837,857.0
1328,RU000A103N19,АПРИФП 05,1000.0,10.284891494394737,870.0
1329,RU000A103N43,ИАДОМ Б1P9,897.89,13.40134328358209,775.89
1330,RU000A103NE3,РегПрод1Р2,1000.0,11.626555051738167,859.0
1331,RU000A103NJ2,Реиннол1P1,1000.0,10.69747539580659,874.0
1332,RU000A103NZ8,СовкомБОП4,1000.0,16.509823344890208,876.0
1333,RU000A103P25,СберИОС468,1000.0,24.75860361475613,862.0
1334,RU000A103P33,Систем1P22,1000.0,16.307893020221787,859.0
1335,RU000A103PC2,АВТОБФ БП3,1000.0,22.532672374943665,857.0
1336,RU000A103PD0,Славнеф2Р1,1000.0,17.25327812284334,878.0
1337,RU000A103PF5,СберИОС469,1000.0,24.75860361475613,858.0
1338,RU000A103PG3,Славнеф2Р2,1000.0,17.25327812284334,863.0
1339,RU000A103PX8,ЛСР БО 1Р7,1000.0,15.453562046051614,854.0
1340,RU000A103Q08,ХэндрснБ01,1000.0,12.732365673542146,859.0
1341,RU000A103Q24,Сбер2СУБ3R,10000000.0,17.744287918531857,9999878.0
1342,RU000A103Q81,ВТБ Б1-230,1000.0,19.37984496124032,854.0
1343,RU000A103QH9,ЛидерИнП03,1000.0,14.690759512266782,873.0
1344,RU000A103QL1,Росагрл1Р3,1000.0,23.736055067647754,872.0
1345,RU000A103QN7,ГазпромК 3,5000000.0,23.31970343307077,4999863.0
1346,RU000A103RJ3,ПКБ 1Р-02,1000.0,12.43781094527363,852.0
1347,RU000A103RL9,iПетрИнжP1,1000.0,13.711778417660772,872.0
1348,RU000A103RT2,Экспо1П01,1000.0,14.8544266191325,853.0
1349,RU000A103RU0,СберИОС471,1000.0,24.75860361475613,872.0
1350,RU000A103RV8,СберИОС472,1000.0,24.75860361475613,854.0
1351,RU000A103RY2,ИнтЛиз1Р02,1000.0,13.506212857914642,872.0
1352,RU000A103S14,Европлн1Р4,1000.0,15.192950470981463,868.0
1353,RU000A103SB8,ВТБСУБ1-11,10000000.0,20.05494493373385,9999862.0
1354,RU000A103SC6,ВТБСУБ1-12,10000000.0,19.0999478113026,9999868.0
1355,RU000A103SV6,Росгео01,1000.0,22.281639928698752,877.0
1356,RU000A103TS0,ТЕХЛиз 1P5,1000.0,8.818342151675486,868.0
1357,RU000A103U69,МоторТ1Р03,1000.0,11.380448389666553,872.0
1358,RU000A103UL3,ТатнхимP01,1000.0,9.218289085545724,864.0
1359,RU000A103UP4,СберИОС476,1000.0,24.75860361475613,863.0
1360,RU000A103VP2,СберИОС479,1000.0,24.75860361475613,866.0
1361,RU000A103W26,РГ Лиз 1P1,1000.0,20.056157240272764,850.0
1362,RU000A103W42,ИАДОМ 1P10,941.24,14.480615384615383,802.24
1363,RU000A103WB0,СлавЭКО1Р1,1000.0,12.156576707999026,855.0
1364,RU000A103WM7,ТрансФ1P08,1000.0,21.68256721595837,856.0
1365,RU000A103WQ8,СэтлГрБ1P4,1000.0,14.14827391058291,856.0
1366,RU000A103WR6,ТелХолБ2-1,1000.0,14.076576576576578,867.0
1367,RU000A103WX4,ГарИнв2P04,1000.0,11.140819964349376,867.0
1368,RU000A103WZ9,NexTouchB1,1000.0,11.626555051738167,860.0
1369,RU000A103X74,ФабрФав1P1,1000.0,8.114248620577735,874.0
1370,RU000A103X90,СберИОС481,1000.0,24.75860361475613,867.0
1371,RU000A103Y16,СберИОС482,1000.0,24.75860361475613,878.0
1372,RU000A103YG5,ИАДОМ 1P11,954.69,14.907713928794502,825.69
1373,RU000A103YK7,ИАДОМ 1P12,927.5,18.639469453376208,790.5
1374,RU000A103YM3,Сбер Sb01G,1000.0,22.7894257064722,876.0
1375,RU000A103YP6,СГтранс1Р1,1000.0,13.506212857914642,873.0
1376,RU000A103YS0,ВТБ Б1-251,1000.0,16.70843776106934,867.0
1377,RU000A1040J7,Сбер Sb38R,1000.0,22.7894257064722,869.0
1378,RU000A1040R0,ХКФинБ1P7,1000.0,12.732365673542146,872.0
1379,RU000A1040S8,Ульоб34004,1000.0,12.611930886618742,854.0
1380,RU000A1040T6,СберИОС488,1000.0,24.75860361475613,854.0
1381,RU000A1040U4,СберИОС489,1000.0,24.75860361475613,864.0
1382,RU000A1040V2,ОхтаГрБП02,1000.0,10.69747539580659,853.0
1383,RU000A1040Y6,Сбер Sb39R,1000.0,22.7894257064722,864.0
1384,RU000A104107,АквилонЛP1,1000.0,10.091835704914724,875.0
1385,RU000A104123,ДОМ 1P-9R,1000.0,23.32089552238806,867.0
1386,RU000A1041B2,Сегежа2P1R,1000.0,20.358306188925084,853.0
1387,RU000A1041Q0,ИАДОМ 1P13,946.31,11.876380522088354,819.31
1388,RU000A1042P0,ПСБ 3P-08,1000.0,21.33560913164071,871.0
1389,RU000A104362,ВСК 1P-02R,1000.0,20.999580008399832,870.0
1390,RU000A104388,СовкмЛ П05,1000.0,14.455044810638917,866.0
1391,RU000A1043B8,ТАЛАНФБ1P3,1000.0,10.284891494394737,875.0
1392,RU000A1043E2,Новосиб 22,1000.0,14.808233377758032,872.0
1393,RU000A1043G7,Сегежа2P2R,1000.0,20.673971469919373,875.0
1394,RU000A1043J1,Славнеф2Р3,1000.0,14.874312063067082,875.0
1395,RU000A1043K9,НижгорОб16,1000.0,14.455044810638917,877.0
1396,RU000A1043N3,КАМАЗ БОП9,1000.0,13.711778417660772,865.0
1397,RU000A1043Z7,БинФарм1P1,1000.0,13.506212857914642,867.0
1398,RU000A104479,ОткрБРСО5,1000.0,6.789788158609452,871.0
1399,RU000A1044W2,СберИОС497,1000.0,24.75860361475613,865.0
1400,RU000A1045F4,СберИОС493,1000.0,24.75860361475613,850.0
1401,RU000A1045V1,ЭБИС Б1P05,1000.0,9.22083909635777,876.0
1402,RU000A104693,Систем1P23,1000.0,13.435442697836896,854.0
1403,RU000A1046G0,ВТБ Б1-252,1000.0,15.54726368159204,861.0
1404,RU000A1046N6,АБЗ-1 1Р02,1000.0,10.485477613505294,853.0
1405,RU000A104735,Пионер 1P6,1000.0,11.380448389666553,877.0
1406,RU000A1047L8,СберИОС503,1000.0,24.75860361475613,853.0
1407,RU000A1047P9,СберИОС500,1000.0,24.75860361475613,857.0
1408,RU000A1047S3,ПКБ 1Р-03,1000.0,10.914647456887142,862.0
1409,RU000A1048A9,Брус 2P01,1000.0,11.28413450688332,872.0
1410,RU000A104925,РСХБ2Р11,1000.0,20.88991017338625,863.0
1411,RU000A1049K6,АЛЬФАБ2Р16,1000.0,20.885547201336674,874.0
1412,RU000A1049M2,iИнкабБО01,1000.0,9.902951079421667,872.0
1413,RU000A1049P5,ГЛАВТОРГ01,1000.0,9.22083909635777,866.0
1414,RU000A1049R1,СберИОС507,1000.0,24.75860361475613,857.0
1415,RU000A104A05,КЛС БО-01,1000.0,9.902951079421667,865.0
1416,RU000A104A39,Капитал1Р1,1000.0,19.565642731363724,868.0
1417,RU000A104A96,СберИОС504,1000.0,24.75860361475613,876.0
1418,RU000A104AM1,ИАДОМ 1P17,968.06,15.974587458745876,846.06
1419,RU000A104AQ2,ИнфрОблP2,1000.0,14.10039481105471,855.0
1420,RU000A104B04,Петснаб1Р1,1000.0,7.652280379553106,863.0
1421,RU000A104B46,ГПБ001P21P,1000.0,21.56566745740781,866.0
1422,RU000A104B53,АСПЭКДом01,1000.0,9.22083909635777,857.0
1423,RU000A104B61,ЛКМБ-РТ1P1,1000.0,10.69747539580659,869.0
1424,RU000A104B79,ИАДОМ 1P16,964.04,14.193757361601884,840.04
1425,RU000A104BC0,КалинОбл21,1000.0,14.076576576576578,861.0
1426,RU000A104BU2,ГК ЕКС БО1,1000.0,10.284891494394737,867.0
1427,RU000A104BX6,ЕВРОВЕНТ 1,1000.0,6.758583400919167,851.0
1428,RU000A104BY4,БизНед 1Р2,1000.0,12.377769525931429,852.0
1429,RU000A104C03,ВТБ Б1-286,1000.0,11.200716845878135,866.0
1430,RU000A104C45,ИАДОМ 1P15,1000.0,16.534391534391535,876.0
1431,RU000A104C60,ВТБ Б1-253,1000.0,15.54726368159204,859.0
1432,RU000A104CJ3,АВТОДОМ1Р1,1000.0,10.914647456887142,874.0
1433,RU000A104CK1,РГ Лиз 1P2,1000.0,9.36855911560802,852.0
1434,RU000A104CL9,РЕСОЛиБП21,1000.0,10.56189269117026,868.0
1435,RU000A104CR6,СберИОС511,1000.0,24.75860361475613,876.0
1436,RU000A104CY2,СберИОС509,1000.0,24.75860361475613,872.0
1437,RU000A104EP6,НЗРМ БО-01,1000.0,6.875687568756876,850.0
1438,RU000A104FG2,Сегежа2P3R,1000.0,12.26391954868776,855.0
1439,RU000A104FL2,СберИОС515,1000.0,24.75860361475613,865.0
1440,RU000A104FX7,AAG-01,1000.0,9.653441451877594,870.0
1441,RU000A104HU9,ВЭБ1P-К399,1000.0,9.033423667570007,851.0
1442,RU000A104HY1,АЛЬФАБ2Р17,1000.0,19.55416503715292,866.0
1443,RU000A104JF6,ПушкПЗБО1,1000.0,9.551098376313275,866.0
1444,RU000A104JQ3,СамолетP11,1000.0,15.790304752881733,854.0
1445,RU000A104JV3,АйДиКоле02,1000.0,6.145526057030482,871.0
1446,RU000A104JW1,ВТБСУБ1-13,10000000.0,10.284587177236356,9999874.0
1447,RU000A104K37,СибЭнМаш01,1000.0,8.912655971479502,859.0
1448,RU000A104KG2,ВТБ Б1-130,1000.0,10.979358805445765,866.0
1449,RU000A104KM0,СЕЛЛСерв01,1000.0,6.337135614702154,870.0
1450,RU000A104KS7,РКС2Р2,1000.0,8.912655971479502,873.0
1451,RU000A104KT5,Автодор4Р5,1000.0,17.289073305670815,852.0
1452,RU000A104L36,ТойотаБ1P5,1000.0,17.88908765652952,851.0
1453,XS1143363940,CBOM 05/25,100000.0,12.12121212121212,99867.0
1454,XS1822383094,BCS 09/23,100000.0,20.16576256831152,99851.0
1455,XS1943597994,BCS12/23-3,100000.0,18.231773240497144,99877.0
1456,XS2028880115,BCS06/24-7,100000.0,18.231773240497144,99871.0
1457,XS2045847295,BCSALORLV1,75000.0,20.16573545781597,74850.0
1458,XS2058684619,BCS12/24-2,100000.0,18.231773240497144,99855.0
1459,XS2072914125,BCS12/24-4,100000.0,14.324964688962044,99867.0
1461,XS2091672803,BCS12/24-D,100000.0,18.231773240497144,99855.0
1462,XS2123084639,BCSALORLV2,75000.0,20.16573545781597,74856.0
1463,XS2139835636,BCSALORPT,100000.0,7.6923076923076925,99851.0
1464,XS2143253495,BCS06/25-4,100000.0,18.231773240497144,99866.0
1465,XS2181436796,BCS06/25-5,100000.0,18.231773240497144,99862.0
1466,XS2189376911,BCS GMf5,100000.0,16.712458803789048,99856.0
1467,XS2194483769,BCS06/25-7,100000.0,20.054950564546857,99870.0
1468,XS2212035690,BCS06/25-9,100000.0,21.110451995887686,99854.0