1475,RU000A0JQ7Z2,РЖД-19 обл,1000.0,25.549310168625446,873.0
1476,RU000A0JQRD9,РЖД-23 обл,1000.0,25.549310168625446,871.0
1477,RU000A0JS603,МСП Банк 2,1000.0,32.09242618741977,857.0
1478,RU000A0JS6M0,РосбанкБО5,1000.0,29.708853238265007,851.0
1479,RU000A0JS6N8,РСХБ 16,1000.0,32.605151613955,860.0
1480,RU000A0JS934,ЕАБР11,1000.0,27.285129604365626,868.0
1481,RU000A0JT403,ВЭБ.РФ 18,1000.0,26.15062761506276,852.0
1482,RU000A0JT6B2,ВЭБ.РФ 19,1000.0,26.809651474530835,875.0
1483,RU000A0JT6J5,ГПБ 12,1000.0,26.666666666666668,878.0
1484,RU000A0JT7M7,РСХБ 17,1000.0,38.19709702062643,873.0
1485,RU000A0JT7T2,ФСК ЕЭС-21,1000.0,27.100271002710027,868.0
1486,RU000A0JT874,РСХБ 18,1000.0,33.145508783559826,855.0
1487,RU000A0JT940,Роснефть04,1000.0,25.387154100025388,869.0
1488,RU000A0JT965,Роснефть05,1000.0,25.387154100025388,861.0
1489,RU000A0JTLJ3,МЕТАЛИНВ 2,1000.0,26.212319790301443,876.0
1490,RU000A0JTLL9,МЕТАЛИНВ 3,1000.0,26.212319790301443,859.0
1491,RU000A0JTM28,Башнефть06,1000.0,26.048450117218025,877.0
1492,RU000A0JTM36,Башнефть07,1000.0,36.46973012399708,850.0
1493,RU000A0JTM44,Башнефть08,1000.0,26.048450117218025,864.0
1494,RU000A0JTM51,Башнефть09,1000.0,36.46973012399708,854.0
1495,RU000A0JTS06,Роснефть07,1000.0,27.472527472527474,866.0
1496,RU000A0JTS22,Роснефть08,1000.0,27.472527472527474,874.0
1497,RU000A0JTTA5,МТС БО-01,1000.0,30.854674483184205,855.0
1498,RU000A0JTU85,РЖД-28 обл,1000.0,29.489826010026544,878.0
1499,RU000A0JTV50,ОбКонФ БО1,1000.0,28.653295128939828,876.0
1500,RU000A0JTVJ2,РСХБ 20,1000.0,24.160425223483934,869.0
1501,RU000A0JTYL2,Роснефть06,1000.0,28.653295128939828,859.0
1502,RU000A0JTYM0,Роснефть09,1000.0,28.653295128939828,872.0
1503,RU000A0JTYN8,Роснефть10,1000.0,28.653295128939828,878.0
1504,RU000A0JU0U2,НацСтдБО-2,1000.0,31.02699348433137,857.0
1505,RU000A0JU1Q8,РСХБ 21,1000.0,36.46973012399708,871.0
1506,RU000A0JU6A1,РСХБ 22,1000.0,32.09242618741977,874.0
1507,RU000A0JU773,ВТБ БО-43,1000.0,26.205450733752617,864.0
1508,RU000A0JU7B7,РЖД БО-13,1000.0,26.1164794985636,850.0
1509,RU000A0JU7Y9,ГПБ БО-07,1000.0,24.75860361475613,876.0
1510,RU000A0JU872,ОткрФКБ9,1000.0,24.75860361475613,860.0
1511,RU000A0JUAH8,РЖД-30 обл,1000.0,29.708853238265007,877.0
1512,RU000A0JUAT3,ВертолетБ2,1000.0,26.737967914438503,870.0
1513,RU000A0JUEE7,ВЭБлизБ01,1000.0,29.019152640742888,851.0
1514,RU000A0JUMH3,ГПБ БО-08,1000.0,30.32140691328078,868.0
1515,RU000A0JUML5,БашнфтБО5,1000.0,26.385224274406333,862.0
1516,RU000A0JUPW5,ЗенитБО-13,1000.0,35.43586109142452,854.0
1517,RU000A0JUQ39,ГПБ БО-09,1000.0,35.49875754348598,876.0
1518,RU000A0JUQ96,ТрансФБО29,1000.0,28.653295128939828,867.0
1519,RU000A0JUR04,ТрансФБО30,1000.0,25.0689395838556,862.0
1520,RU000A0JUU90,АльфаБО-13,1000.0,26.917900403768503,870.0
1521,RU000A0JUV08,ГПБ БО-10,1000.0,33.61344537815126,871.0
1522,RU000A0JUV81,Росбн13ИП,1000.0,29.06131938390003,861.0
1523,RU000A0JUX71,РЖД БО-16,1000.0,26.1164794985636,868.0
1524,RU000A0JV0U1,АльфаБО-15,1000.0,29.27400468384075,875.0
1525,RU000A0JV3R1,РСХБ БО15,1000.0,25.23340903356043,869.0
1526,RU000A0JV987,РСХБ БО17,1000.0,24.527839097375523,878.0
1527,RU000A0JV9D8,ВЭБлизБ06,1000.0,25.35496957403652,875.0
1528,RU000A0JV9H9,ВЭБлизБ07,1000.0,25.35496957403652,863.0
1529,RU000A0JVA77,Солид БО-2,1000.0,25.0689395838556,851.0
1530,RU000A0JVB19,РЖД-33 обл,1000.0,33.93281303020021,862.0
1531,RU000A0JVB27,РЖД-34 обл,1000.0,33.93281303020021,868.0
1532,RU000A0JVC59,ОткрФКБОП1,1000.0,30.998140111593305,869.0
1533,RU000A0JVD25,РусГидро09,1000.0,26.737967914438503,858.0
1534,RU000A0JVEQ9,БашнфтБО3,1000.0,26.385224274406333,877.0
1535,RU000A0JVFC6,РостелБО-1,1000.0,26.737967914438503,869.0
1536,RU000A0JVFD4,БашнфтБО4,1000.0,26.385224274406333,851.0
1537,RU000A0JVHF5,БашнфтБО7,1000.0,26.385224274406333,872.0
1538,RU000A0JVKH5,РЖД-35 обл,1000.0,33.93281303020021,854.0
1539,RU000A0JVNB2,РосбанкБ25,1000.0,24.75860361475613,868.0
1540,RU000A0JVQQ3,ВЭБлизБ09,1000.0,25.35496957403652,870.0
1541,RU000A0JVRV1,ВЭБлиз2Р-1,1000.0,25.35496957403652,868.0
1542,RU000A0JVUN2,ВымпелКБО2,1000.0,36.14022406938923,861.0
1543,RU000A0JVUP7,ВымпелКБО3,1000.0,36.14022406938923,850.0
1544,RU000A0JVUS1,РЕСОЛизБ03,1000.0,29.9311583358276,874.0
1545,RU000A0JVUX1,ИКС5ФинБО4,1000.0,36.14022406938923,866.0
1546,RU000A0JVUY9,РосбанкБО8,1000.0,24.75860361475613,855.0
1547,RU000A0JVW71,РЖД БО-02,1000.0,27.85515320334262,856.0
1548,RU000A0JVWA5,РосбанкБ19,1000.0,24.75860361475613,871.0
1549,RU000A0JVXZ0,СистемБ1P2,1000.0,26.737967914438503,866.0
1550,RU000A0JVY04,РЖД 36 обл,1000.0,33.93281303020021,854.0
1551,RU000A0JVZY8,ПочтаРосБ1,1348.77,24.75860361475613,1199.77
1552,RU000A0JW0S4,ПКТ 01,1000.0,40.11231448054553,853.0
1553,RU000A0JWBP5,ПКТ 03,1000.0,30.854674483184205,867.0
1554,RU000A0JWC82,РЖД БО-07,1000.0,25.87991718426501,877.0
1555,RU000A0JWCM0,ТМК БО-5,1000.0,30.854674483184205,878.0
1556,RU000A0JWGS8,РосбанкБ20,1000.0,24.75860361475613,866.0
1557,RU000A0JWJQ6,СтруктИнв1,100000000.0,24.75860361475613,99999859.0
1558,RU000A0JWK41,ГазпрнефБ3,1000.0,25.87991718426501,856.0
1559,RU000A0JWNB0,РосбанкБ26,1000.0,26.35740643120717,859.0
1560,RU000A0JWRV9,МТС БО-02,1000.0,32.09242618741977,856.0
1561,RU000A0JWST1,ГТЛК БО-08,1000.0,24.42598925256473,867.0
1562,RU000A0JWTL6,ПочтаРосБ3,1000.0,26.737967914438503,851.0
1563,RU000A0JWTN2,Ростел1P1R,1000.0,27.472527472527474,856.0
1564,RU000A0JWUB5,РосбнБО12,1000.0,24.75860361475613,861.0
1565,RU000A0JWUD1,ИКС5Фин1P1,1000.0,27.472527472527474,857.0
1566,RU000A0JWUX9,АльфаБО-17,1000.0,26.385224274406333,877.0
1567,RU000A0JWV89,Акрон Б1P1,1000.0,33.99048266485384,873.0
1568,RU000A0JWVT5,РЕСОЛизБ05,1000.0,24.45585717779408,870.0
1569,RU000A0JWWM8,ТрансФ1P01,1000.0,25.0689395838556,858.0
1570,RU000A0JWYQ5,СистемБ1P4,1000.0,31.58559696778269,869.0
1571,RU000A0JX1S1,РЖД-41 обл,1000.0,30.15681544028951,875.0
1572,RU000A0JX2D1,РосбанкБ12,1000.0,30.61849357011636,870.0
1573,RU000A0JX2F6,РосбанкБ11,1000.0,30.61849357011636,872.0
1574,RU000A0JX5W4,АльфаБО-18,1000.0,30.854674483184205,874.0
1575,RU000A0JXLR8,ОткрФКБОП3,1000.0,30.998140111593305,856.0
1576,RU000A0JXMP0,ПочтаРосБ4,1000.0,30.854674483184205,854.0
1577,RU000A0JXNB8,ВСК 01P-01,1000.0,28.653295128939828,853.0
1578,RU000A0JXP45,ГПБ БО-16,1000.0,32.87310979618672,857.0
1579,RU000A0JXPD9,ТМК БО-6,1000.0,24.307243558580456,867.0
1580,RU000A0JXQ85,Тинькофф1R,1000.0,29.9311583358276,871.0
1581,RU000A0JXRD5,ПочтаРБ1P2,1000.0,28.44950213371266,877.0
1582,RU000A0JXRM6,ДОМРФИА 01,1000.0,24.75860361475613,867.0
1583,RU000A0JXRS3,ИКС5Фин1P2,1000.0,35.49875754348598,867.0
1584,RU000A0JXRV7,АльфаБО-20,1000.0,29.27400468384075,856.0
1585,RU000A0JXS59,ПочтаРБ1P3,1000.0,33.42245989304813,871.0
1586,RU000A0JXSF8,ТМК БО-7,1000.0,26.385224274406333,876.0
1587,RU000A0JXSS1,Акрон Б1P2,1000.0,36.46973012399708,877.0
1588,RU000A0JXTY7,ЧТПЗ 1P4,1000.0,25.387154100025388,872.0
1589,RU000A0JXVM8,РоссетБ1Р1,1000.0,24.606299212598422,850.0
1590,RU000A0JXYL4,Газпнф1P2R,1000.0,24.307243558580456,855.0
1591,RU000A0JXZB2,РЖД Б01P4R,1000.0,24.307243558580456,870.0
1592,RU000A0ZYBM4,АльфаБО-21,1000.0,33.80662609871535,850.0
1593,RU000A0ZYC98,МегафнБ1P3,1000.0,25.549310168625446,851.0
1594,RU000A0ZYCP5,Роснфт1P8,1000.0,29.27400468384075,859.0
1595,RU000A0ZYDD9,ТрнфБО1P8,1000.0,25.387154100025388,869.0
1596,RU000A0ZYDS7,Газпнф1P3R,1000.0,25.549310168625446,853.0
1597,RU000A0ZYEE5,ГПБ БО-17,1000.0,24.740227610094013,876.0
1598,RU000A0ZYFC6,МТС 001P-3,1000.0,26.048450117218025,878.0
1599,RU000A0ZYG52,Ростел1P3R,1000.0,26.048450117218025,864.0
1600,RU000A0ZYGB6,АльфаБО-22,1000.0,34.98950314905529,863.0
1601,RU000A0ZYH44,Росбанк2P3,1000.0,25.40650406504065,858.0
1602,RU000A0ZYHX8,СПбГО35001,1000.0,26.048450117218025,870.0
1603,RU000A0ZYJR6,Совком БО5,1000.0,29.06131938390003,858.0
1604,RU000A0ZYKJ1,СПбГО35002,1000.0,26.212319790301443,854.0
1605,RU000A0ZYL89,ДОМРФИА 04,1000.0,24.75860361475613,867.0
1606,RU000A0ZYLC4,Газпнф1P4R,1000.0,26.048450117218025,878.0
1607,RU000A0ZYLF7,ФПК 1P-02,1000.0,25.87991718426501,876.0
1608,RU000A0ZYLG5,Роснфт2P3,1000.0,25.87991718426501,851.0
1609,RU000A0ZYLJ9,ВЭБПБО1Р11,1000.0,24.336821611097587,867.0
1610,RU000A0ZYLQ4,Газпнф1P5R,1000.0,26.048450117218025,871.0
1611,RU000A0ZYLX0,ДОМРФИА 03,1000.0,24.75860361475613,867.0
1612,RU000A0ZYM21,ДФФ 1Р-01,1000.0,24.75860361475613,851.0
1613,RU000A0ZYMD0,Росбн19ИП,1000.0,25.647601949217748,878.0
1614,RU000A0ZYPG6,ТрансКонБ1,1000.0,26.737967914438503,852.0
1615,RU000A0ZYQU5,ДОМ.РФ1P2R,1000.0,37.481259370314845,860.0
1616,RU000A0ZYQY7,СистемБ1P7,1000.0,29.06131938390003,857.0
1617,RU000A0ZYT40,Роснфт2P4,1000.0,26.737967914438503,865.0
1618,RU000A0ZYTZ8,НПК ПБО-01,1000.0,27.65486725663717,867.0
1619,RU000A0ZYU05,РЖД 1Р-05R,1000.0,27.472527472527474,872.0
1620,RU000A0ZYU21,АЛЬФА БО40,1000.0,32.435939020434645,855.0
1621,RU000A0ZYU39,ЛидерИнБП2,1000.0,25.22704339051463,877.0
1622,RU000A0ZYU54,ДерПлат1P1,1000.0,25.0689395838556,878.0
1623,RU000A0ZYUV5,ГазпромКБ1,1000.0,28.050490883590463,850.0
1624,RU000A0ZYUW3,ГазпромКБ2,1000.0,28.050490883590463,869.0
1625,RU000A0ZYUY9,ГазпромКБ3,1000.0,28.050490883590463,863.0
1626,RU000A0ZYV04,ГазпромКБ4,1000.0,28.050490883590463,852.0
1627,RU000A0ZYVU5,Роснфт2P5,1000.0,27.472527472527474,878.0
1628,RU000A0ZYWB3,АЛЬФА БО39,1000.0,25.73340195573855,865.0
1629,RU000A0ZYWY5,МТС 1P-06,1000.0,27.662517289073307,857.0
1630,RU000A0ZYX69,ФПК 1P-03,1000.0,27.85515320334262,866.0
1631,RU000A0ZYXV9,Газпнф1P6R,1000.0,27.85515320334262,859.0
1632,RU000A0ZYYE3,Ростел1P4R,1000.0,28.050490883590463,850.0
1633,RU000A0ZZ117,СберБ БО6R,1000.0,27.85515320334262,856.0
1634,RU000A0ZZ1M2,ПИК БО-П04,1000.0,27.662517289073307,859.0
1635,RU000A0ZZ1N0,ДОМ 1P-3R,1000.0,26.737967914438503,855.0
1636,RU000A0ZZ4P9,РЖД 1Р-06R,1000.0,27.662517289073307,864.0
1637,RU000A0ZZ5H3,ПочтаРБ1P4,1000.0,26.048450117218025,855.0
1638,RU000A0ZZ5J9,ПочтаРБ1P5,1000.0,26.048450117218025,874.0
1639,RU000A0ZZ7C0,ДОМ 1P-4R,1000.0,30.15681544028951,857.0
1640,RU000A0ZZ9R4,РЖД 1Р-07R,1000.0,27.472527472527474,850.0
1641,RU000A0ZZ9W4,УрКаПБО4P,1000.0,26.048450117218025,873.0
1642,RU000A0ZZDB0,ЕАБР 1Р-01,1000.0,33.704078193461406,860.0
1643,RU000A0ZZE20,СберБ Б16R,1000.0,26.737967914438503,866.0
1644,RU000A0ZZER4,ГазпромБО7,1000.0,24.75860361475613,871.0
1645,RU000A0ZZES2,ГазпромБ22,1000.0,24.75860361475613,857.0
1646,RU000A0ZZET0,ГазпромБ23,1000.0,24.75860361475613,875.0
1647,RU000A0ZZFZ4,ГПБ 01-АТ1,1000.0,25.0689395838556,869.0
1648,RU000A0ZZNL8,ДерПлат1P2,1000.0,25.0689395838556,855.0
1649,RU000A0ZZRY2,РЖД 1Р-09R,1000.0,24.044241404183698,860.0
1650,RU000A0ZZS73,ДерПлат1P3,1000.0,28.653295128939828,869.0
1651,RU000A0ZZWY2,СберИОС45,1000.0,38.32886163280951,872.0
1652,RU000A0ZZZ58,ИА ДОМ 7P2,1000.0,24.75860361475613,852.0
1653,RU000A100188,СберИОС53,1000.0,38.32886163280951,870.0
1654,RU000A100444,СберИОС60,1000.0,38.32886163280951,864.0
1655,RU000A1004K1,ЕвропланБ5,1000.0,26.048450117218025,873.0
1656,RU000A1004W6,ДОМ 1P-5R,1000.0,36.79175864606328,868.0
1657,RU000A100733,АВТОБФ БП2,1000.0,27.662517289073307,861.0
1658,RU000A1007T5,СберИОС74,1000.0,38.88024883359254,866.0
1659,RU000A100AK3,СберИОС81,1000.0,32.23726627981947,850.0
1660,RU000A100AN7,МОЭК БО1P2,1000.0,28.24858757062147,861.0
1661,RU000A100DG5,ЕвропланБ6,800.0,27.100271002710027,652.0
1662,RU000A100ET6,ДОМ 1P-6R,1000.0,37.835792659856224,871.0
1663,RU000A100EX8,ГазпромКP1,1000.0,25.100401606425702,856.0
1664,RU000A100FH8,СберИОС90,1000.0,32.1853878339234,852.0
1665,RU000A100GY1,ВЭБ 1P-17,1000.0,24.606299212598422,873.0
1666,RU000A100HH4,ГПБ001P11P,1000.0,24.59419576979833,852.0
1667,RU000A100HM4,СберИОС106,1000.0,32.1853878339234,861.0
1668,RU000A100HY9,РЖД 1Р-16R,1000.0,25.387154100025388,860.0
1669,RU000A100JB3,ГПБ001P12P,1000.0,24.59419576979833,861.0
1670,RU000A100JC1,ЕАБР 1Р-04,1000.0,25.0689395838556,863.0
1671,RU000A100JF4,ТрнфБО1P12,1000.0,25.387154100025388,866.0
1672,RU000A100K80,Сбер Sb12R,1000.0,26.048450117218025,860.0
1673,RU000A100KT3,МКБ П03,1000.0,25.0,865.0
1674,RU000A100KY3,Роснфт2P8,1000.0,25.22704339051463,874.0
1675,RU000A100L14,ОткрФКБОП5,1000.0,36.46973012399708,876.0
1676,RU000A100LL8,ГазпромКP2,1000.0,25.713551041398816,869.0
1677,RU000A100LS3,ЕврХимБ1Р4,1000.0,25.687130747495505,854.0
1678,RU000A100LV7,ЕврХимБ1Р5,1000.0,25.687130747495505,875.0
1679,RU000A100MZ6,СберИОС119,1000.0,24.75860361475613,876.0
1680,RU000A100NB5,СберИОС115,1000.0,32.1853878339234,857.0
1681,RU000A100NV3,СберИОС116,1000.0,32.1853878339234,878.0
1682,RU000A100P85,ЕврХол2P1R,1000.0,25.22704339051463,866.0
1683,RU000A100PQ8,АЛЬФА-Б2Р5,1000.0,25.246149962130776,864.0
1684,RU000A100R83,СберИОС132,1000.0,32.21649484536083,853.0
1685,RU000A100R91,СберИОС131,1000.0,32.21649484536083,856.0
1686,RU000A100SF5,МКБ П04,1000.0,28.571428571428573,854.0
1687,RU000A100SZ3,ПочтаРБ1P6,1000.0,26.56042496679947,858.0
1688,RU000A100TF3,РУСАБрБ1P3,1000.0,24.307243558580456,870.0
1689,RU000A100TH9,Росбанк2P6,1000.0,26.42007926023778,865.0
1690,RU000A100UT2,ПочтаРБ1P8,1000.0,27.285129604365626,860.0
1691,RU000A100UU0,РН БАНК1Р6,1000.0,26.07561929595828,857.0
1692,RU000A100UY2,СберИОС144,1000.0,32.25806451612903,878.0
1693,RU000A100V46,ИКС5Фин1P6,1000.0,27.100271002710027,874.0
1694,RU000A100V79,Тинькофф3R,1000.0,24.307243558580456,878.0
1695,RU000A100VG7,СУЭК-Ф1P3R,1000.0,26.737967914438503,866.0
1696,RU000A100VQ6,НорНикБ1P1,1000.0,27.85515320334262,859.0
1697,RU000A100VR4,ГПБ001P13P,1000.0,27.24795640326976,863.0
1698,RU000A100VX2,МБЭС 1P-01,1000.0,25.387154100025388,854.0
1699,RU000A100WC4,МКБ 1P1,1000.0,24.015369836695484,871.0
1700,RU000A100WT8,МКБ П05,1000.0,30.76923076923077,878.0
1701,RU000A100WV4,СберИОС142,1000.0,32.25806451612903,860.0
1702,RU000A100XC2,Полюс Б1P1,1000.0,27.100271002710027,864.0
1703,RU000A100XR0,ПИК К 1P1,1000.0,24.30604982206405,850.0
1704,RU000A100Y50,СУЭК-Ф1P4R,1000.0,27.100271002710027,862.0
1705,RU000A100YE6,ТрансКо1P1,1000.0,27.472527472527474,851.0
1706,RU000A100YF3,МЕТАЛИНБ03,1000.0,28.050490883590463,877.0
1707,RU000A100YR8,iРОСНАН2P3,1000.0,26.048450117218025,867.0
1708,RU000A100YU2,Акрон Б1P3,1000.0,27.662517289073307,863.0
1709,RU000A100YW8,ТойотаБ1P3,1000.0,27.700831024930743,861.0
1710,RU000A100Z83,СберИОС87,1000.0,32.25806451612903,871.0
1711,RU000A100ZB9,ИА ДОМ10P2,1000.0,24.75860361475613,871.0
1712,RU000A100ZD5,МРСКУр Б04,1000.0,28.653295128939828,871.0
1713,RU000A100ZF0,МРСКУр Б03,1000.0,28.653295128939828,870.0
1714,RU000A100ZS3,Магнит3Р04,1000.0,29.06131938390003,874.0
1715,RU000A101012,Систем1P12,1000.0,25.549310168625446,853.0
1716,RU000A1010B7,ТрнфБО1P13,1000.0,29.27400468384075,857.0
1717,RU000A1010M4,РЖД 1Р-17R,1000.0,29.708853238265007,860.0
1718,RU000A1010X1,ИКС5Фин1P7,1000.0,30.15681544028951,872.0
1719,RU000A101160,МКБ П07,1000.0,33.333333333333336,869.0
1720,RU000A1011A7,Лента Б1P3,1000.0,29.489826010026544,856.0
1721,RU000A1011R1,РСХБ БО10Р,1000.0,28.653295128939828,858.0
1722,RU000A101228,МОЭК БО1P3,1000.0,29.489826010026544,867.0
1723,RU000A1012B3,ФПК 1P-07,1000.0,29.06131938390003,855.0
1724,RU000A1012N8,РоссЦP01,1000.0,29.27400468384075,850.0
1725,RU000A101350,ГПБ001P14P,1000.0,29.222676797194623,861.0
1726,RU000A1013P1,ВЭБ1P-18,1000.0,27.58620689655172,871.0
1727,RU000A101459,РСетиЦПБ02,1000.0,29.27400468384075,853.0
1728,RU000A101541,Ростел2P1R,1000.0,29.27400468384075,861.0
1729,RU000A101574,ЕАБР 1Р-05,1000.0,29.489826010026544,874.0
1730,RU000A1015A8,ДетМир БО5,1000.0,27.662517289073307,865.0
1731,RU000A1015E0,БелугаБП3,1000.0,24.307243558580456,873.0
1732,RU000A101640,СберИОС181,1000.0,24.75860361475613,869.0
1733,RU000A1016B4,ИА ДОМ12P2,1000.0,24.75860361475613,852.0
1734,RU000A1016P4,ИКС5Фин1P8,1000.0,29.9311583358276,872.0
1735,RU000A1016Q2,ИКС5Фин1P9,1000.0,29.9311583358276,850.0
1736,RU000A1016X8,МКБ П09,1000.0,24.75860361475613,859.0
1737,RU000A1016Y6,МКБ П08,1000.0,39.21568627450981,856.0
1738,RU000A101780,РСЭКСМБ2Р1,1000.0,29.06131938390003,862.0
1739,RU000A1017H9,Автодор2Р5,900.0,28.04612028669367,764.0
1740,RU000A1018C8,ТрансмхПБ4,1000.0,28.860028860028866,870.0
1741,RU000A1018T2,ИА ДОМ13P2,1000.0,24.75860361475613,875.0
1742,RU000A1018X4,Магнит3Р05,1000.0,30.38590094196293,851.0
1743,RU000A101C89,Сбер Sb15R,1000.0,31.83699458771092,857.0
1744,RU000A101CJ9,СФО СБ 01,1000.0,24.75860361475613,861.0
1745,RU000A101CQ4,СУЭК-Ф1P5R,1000.0,29.06131938390003,873.0
1746,RU000A101D13,Сегежа1P1R,1000.0,28.24858757062147,859.0
1747,RU000A101DE8,РСетиЛЭБО3,1000.0,32.341526520051744,854.0
1748,RU000A101DF5,РСетиЛЭБО4,1000.0,32.341526520051744,866.0
1749,RU000A101DK5,МКБ П12,1000.0,24.75860361475613,850.0
1750,RU000A101DL3,МКБ П11,1000.0,24.75860361475613,855.0
1751,RU000A101EF3,МЕТАЛИНБ04,1000.0,30.61849357011636,860.0
1752,RU000A101FC7,Ростел2P3R,1000.0,32.09242618741977,859.0
1753,RU000A101FG8,Ростел2P2R,1000.0,30.15681544028951,874.0
1754,RU000A101FK0,РНКБ 01,1000.0,29.489826010026544,876.0
1755,RU000A101FY1,РСетиМР1P2,1000.0,32.605151613955,856.0
1756,RU000A101GG6,ЗЕНИТБО1Р7,1000.0,29.708853238265007,851.0
1757,RU000A101GR3,ОткрФКБП6,1000.0,31.33813851457224,875.0
1758,RU000A101GZ6,УрКаПБО6P,1000.0,29.27400468384075,868.0
1759,RU000A101H92,Промсвб-15,10000000.0,53.47985101155266,9999852.0
1760,RU000A101HJ8,Магнит2Р01,1000.0,32.341526520051744,871.0
1761,RU000A101J33,Промсвб-16,10000000.0,53.47985101155266,9999861.0
1762,RU000A101L54,ЕАБР 1P-06,1000.0,26.385224274406333,875.0
1763,RU000A101L96,ЕврХимБ1Р7,1000.0,24.307243558580456,858.0
1764,RU000A101LH4,ИКС5ФинP10,1000.0,29.06131938390003,865.0
1765,RU000A101LJ0,ЕврХимБ1Р8,1000.0,24.91280518186348,862.0
1766,RU000A101LM4,МежИнБ01P2,1000.0,25.87991718426501,863.0
1767,RU000A101LN2,МежИнБ01P3,1000.0,25.87991718426501,868.0
1768,RU000A101LQ5,ТМК 1P01,1000.0,24.015369836695484,859.0
1769,RU000A101LS1,РЖД 1Р-19R,1000.0,26.56042496679947,855.0
1770,RU000A101LY9,Ростел2P4R,1000.0,29.708853238265007,857.0
1771,RU000A101M04,РЖД 1Р-20R,1000.0,27.285129604365626,877.0
1772,RU000A101MC3,Магнит2Р02,1000.0,29.9311583358276,866.0
1773,RU000A101MT7,ДетМир БО6,1000.0,28.653295128939828,855.0
1774,RU000A101PJ1,Магнит2Р03,1000.0,33.99048266485384,850.0
1775,RU000A101PU8,ТрансмхПБ5,1000.0,32.87310979618672,875.0
1776,RU000A101Q26,Систем1P13,1000.0,30.38590094196293,850.0
1777,RU000A101Q42,СибурХ Б01,1000.0,36.46973012399708,874.0
1778,RU000A101Q59,СибурХ Б02,1000.0,36.46973012399708,863.0
1779,RU000A101QA8,ИКС5ФинP11,1000.0,34.87966515521451,861.0
1780,RU000A101QH3,СберИОС260,1000.0,27.3972602739726,855.0
1781,RU000A101QM3,ГазпромКP3,1000.0,35.18648838845883,874.0
1782,RU000A101QN1,ГазпромКP4,1000.0,33.99048266485384,868.0
1783,RU000A101QW2,Сбер Sb16R,1000.0,35.49875754348598,853.0
1784,RU000A101R09,Росагрл1Р1,1000.0,27.285129604365626,868.0
1785,RU000A101R33,Лента Б1P4,1000.0,31.83699458771092,857.0
1786,RU000A101R90,МЕТАЛИНБ10,1000.0,35.18648838845883,878.0
1787,RU000A101RD0,МТС 1P-17,1000.0,24.31315341599805,862.0
1788,RU000A101RF5,РСетиЦП1P1,1000.0,35.49875754348598,853.0
1789,RU000A101RH1,РоссЦP02,1000.0,35.816618911174785,858.0
1790,RU000A101RJ7,МБЭС 1P-02,1000.0,32.341526520051744,872.0
1791,RU000A101RP4,Казахст01,1000.0,37.13330857779428,862.0
1792,RU000A101RT6,Казахст05,1000.0,26.809651474530835,853.0
1793,RU000A101RV2,Казахст07,1000.0,30.61849357011636,876.0
1794,RU000A101RW0,Казахст08,1000.0,26.08242044861763,877.0
1795,RU000A101RZ3,Казахст11,1000.0,28.653295128939828,851.0
1796,RU000A101S08,Казахст12,1000.0,25.322866548493288,869.0
1797,RU000A101S16,Казахст13,1000.0,25.322866548493288,862.0
1798,RU000A101SQ0,ДОМ 1P-8R,1000.0,36.46973012399708,861.0
1799,RU000A101ST4,РЕСОЛизБП3,1000.0,26.737967914438503,852.0
1800,RU000A101T56,РСЭКСМБ2Р2,1000.0,32.605151613955,852.0
1801,RU000A101TB0,ВЭБ 1P-19,1000.0,30.432136335970785,864.0
1802,RU000A101TK1,ГПБ001P15P,1000.0,36.79175864606328,873.0
1803,RU000A101TT2,РЖД 1Б-01,1000.0,30.61849357011636,874.0
1804,RU000A101U38,Промсвб3P1,1000.0,34.28179636612958,874.0
1805,RU000A101U61,Ульоб35002,1000.0,30.38590094196293,857.0
1806,RU000A101UE2,РСЭКСМБ2Р3,1000.0,30.20235578375113,863.0
1807,RU000A101UQ6,ИКС5ФинP12,1000.0,35.49875754348598,872.0
1808,RU000A101WE8,ВЭБ1P-20,1000.0,31.33813851457224,852.0
1809,RU000A101WF5,ВЭБ 1P-21,1000.0,34.940600978336825,865.0
1810,RU000A101WH1,ГИДРОМАШБ2,1000.0,24.606299212598422,863.0
1811,RU000A101WR0,ОГК-2 2Р01,1000.0,34.87966515521451,855.0
1812,RU000A101WT6,СберИОС287,1000.0,31.25,867.0
1813,RU000A101X01,ИА ДОМ16P2,1000.0,24.75860361475613,866.0
1814,RU000A101XH9,РСетиМР1P3,1000.0,24.08477842003854,859.0
1815,RU000A101XS6,МОЭК БО1P4,1000.0,34.57814661134163,878.0
1816,RU000A101Y18,РЖД 1Б-02,1000.0,27.472527472527474,878.0
1817,RU000A101Z74,ГПБ001P17P,1000.0,34.47087211306446,874.0
1818,RU000A101ZH4,ПочтаР1P10,1000.0,33.99048266485384,870.0
1819,RU000A1020G5,СберИОС314,1000.0,31.33813851457224,876.0
1820,RU000A1021F5,НКК 11,1107.69,24.75860361475613,981.69
1821,RU000A1021G3,РВК-Ин1Р01,1000.0,28.050490883590463,878.0
1822,RU000A102283,СберИОС320,1000.0,31.25,859.0
1823,RU000A1023K1,Систем1P15,1000.0,29.9311583358276,860.0
1824,RU000A102416,СберИОС321,1000.0,31.25,872.0
1825,RU000A1025U5,Сбер Sb17R,1000.0,35.18648838845883,850.0
1826,RU000A1026H0,ГИДРОМАШБ3,1000.0,25.22704339051463,875.0
1827,RU000A1026V1,ТойотаБ1P4,1000.0,33.80662609871535,859.0
1828,RU000A102879,ВТБСУБТ2-1,10000000.0,26.388085884775364,9999859.0
1829,RU000A1028G8,Ростел2P5R,1000.0,31.83699458771092,875.0
1830,RU000A102960,РН БАНК1Р7,1000.0,31.90810465858328,860.0
1831,RU000A102986,СУЭК-Ф1P6R,1000.0,29.9311583358276,857.0
1832,RU000A1029A9,Росморп1Р1,1000.0,33.99048266485384,860.0
1833,RU000A102A07,АЛЬФА-Б2Р8,1000.0,33.80662609871535,872.0
1834,RU000A102A15,СПбГО35003,1000.0,33.145508783559826,855.0
1835,RU000A102AJ1,Промсвб3P3,1000.0,32.87310979618672,852.0
1836,RU000A102CU4,Сбер Sb19R,1000.0,36.14022406938923,861.0
1837,RU000A102DB2,ГПБ001P18P,1000.0,33.886818027787186,859.0
1838,RU000A102E52,ПочтаРБ1P9,1000.0,30.38590094196293,851.0
1839,RU000A102F28,Росбанк2P8,1000.0,35.612535612535616,859.0
1840,RU000A102FC5,ВЭБ1P-22,1000.0,33.704078193461406,860.0
1841,RU000A102FR3,Сбер Sb18R,1000.0,38.19709702062643,874.0
1842,RU000A102FT9,Систем1P17,1000.0,29.708853238265007,865.0
1843,RU000A102G50,ВСК 1P-01R,1000.0,30.61849357011636,877.0
1844,RU000A102GJ8,ГПБ001P19P,1000.0,33.99048266485384,871.0
1845,RU000A102GU5,БелугаБП4,1000.0,27.100271002710027,874.0
1846,RU000A102H91,Автодор3Р1,965.0,29.71059113300493,820.0
1847,RU000A102HB3,РОСНАНО2P5,1000.0,29.708853238265007,860.0
1848,RU000A102HC1,Сбер2СУБ2R,10000000.0,28.649921169741905,9999875.0
1849,RU000A102HU3,iУОМЗ Б-П2,1000.0,27.100271002710027,868.0
1850,RU000A102JZ8,АЛЬФА-Б2Р9,1000.0,33.523298692591354,872.0
1851,RU000A102K39,РЕСОЛизБП8,1000.0,29.27400468384075,877.0
1852,RU000A102K88,СПбГО35004,1000.0,33.99048266485384,854.0
1853,RU000A102KF8,СККНФ Б01,1000.0,28.653295128939828,866.0
1854,RU000A102KU7,АКБАРС 1Р1,1000.0,24.75860361475613,868.0
1855,RU000A102L53,ИАДОМ Б1P6,712.9,24.75860361475613,568.9
1856,RU000A102LU5,ГПБ001P20P,1000.0,31.33813851457224,850.0
1857,RU000A102M29,ПрГрад Б01,1000.0,31.58559696778269,867.0
1858,RU000A102MC1,Титан-3 02,1000.0,24.75860361475613,869.0
1859,RU000A102ME7,Титан-3 03,1000.0,24.75860361475613,878.0
1860,RU000A102QP4,РЖД 1Р-21R,1000.0,29.27400468384075,861.0
1861,RU000A102R40,РЖД 1Р-22R,1000.0,29.27400468384075,862.0
1862,RU000A102R73,ОткрФКБП07,1000.0,32.09242618741977,863.0
1863,RU000A102RA4,СберИОС414,1000.0,24.75860361475613,871.0
1864,RU000A102RB2,НКК 12,1093.41,24.75860361475613,968.4100000000001
1865,RU000A102RN7,РенКредБО6,1000.0,24.740227610094013,868.0
1866,RU000A102RQ0,Сбер Sb22R,1000.0,29.06131938390003,862.0
1867,RU000A102RS6,Сбер Sb24R,1000.0,30.15681544028951,854.0
1868,RU000A102RT4,ПСБ 3P-04,1000.0,31.33813851457224,864.0
1869,RU000A102S80,АЛЬФАБ2Р10,1000.0,32.17503217503218,856.0
1870,RU000A102SK1,Боржоми1Р1,1000.0,26.385224274406333,854.0
1871,RU000A102TA0,Росагрл1Р2,1000.0,25.387154100025388,871.0
1872,RU000A102TH5,СберИОС425,1000.0,24.75860361475613,867.0
1873,RU000A102VD0,СберИОС426,1000.0,24.75860361475613,850.0
1874,RU000A102VL3,МТС 18соц.,1000.0,30.854674483184205,871.0
1875,RU000A102W50,СберИОС430,1000.0,24.75860361475613,872.0
1876,RU000A102XD6,ВТБ Б1-204,1000.0,26.476039184538,853.0
1877,RU000A102YG7,Сбер Sb25R,1000.0,26.917900403768503,869.0
1878,RU000A102YH5,Сбер Sb26R,1000.0,26.917900403768503,876.0
1879,RU000A1030D1,АЛЬФАБ2Р11,1000.0,28.49002849002849,861.0
1880,RU000A1030S9,МГор72-об,1000.0,30.61849357011636,868.0
1881,RU000A1030T7,МГор73-об,1000.0,27.85515320334262,861.0
1882,RU000A1030Y7,РН БАНК1Р8,1000.0,26.954177897574123,861.0
1883,RU000A103117,МВ ФИН 1Р1,1000.0,27.472527472527474,863.0
1884,RU000A1031S7,ВЭБ1P-24,1000.0,24.6669955599408,868.0
1885,RU000A1031T5,ВЭБ1P-25,1000.0,24.6669955599408,869.0
1886,RU000A1031U3,ВЭБ1P-26,1000.0,24.6669955599408,867.0
1887,RU000A1031Y5,ВЭБ1P-28,1000.0,25.16356316054353,851.0
1888,RU000A1031Z2,ВЭБ1P-29,1000.0,25.16356316054353,859.0
1889,RU000A1032C9,СберИОС439,1000.0,24.75860361475613,878.0
1890,RU000A1032H8,ВТБ Б1-205,1000.0,24.527839097375523,856.0
1891,RU000A1032L0,СберИОС440,1000.0,24.75860361475613,855.0
1892,RU000A103372,Систем1P20,1000.0,24.45585717779408,853.0
1893,RU000A1033Z8,МГор74-об,1000.0,27.17391304347826,853.0
1894,RU000A1034T9,МТС-Банк01,1000.0,26.917900403768503,867.0
1895,RU000A103596,СберИОС447,1000.0,24.75860361475613,858.0
1896,RU000A1035D0,СТМ 1P1,1000.0,24.75860361475613,850.0
1897,RU000A1035H1,РЕСОЛизБП1,1000.0,25.0689395838556,873.0
1898,RU000A1035Y6,ОткрФКБП08,1000.0,27.472527472527474,863.0
1899,RU000A103661,Сбер Sb27R,1000.0,27.100271002710027,878.0
1900,RU000A1036E6,АЛЬФАБ2Р12,1000.0,27.89400278940028,862.0
1901,RU000A1036H9,Магнит2Р04,1000.0,28.44950213371266,871.0
1902,RU000A1036M9,Магнит1P05,1000.0,28.44950213371266,859.0
1903,RU000A1037F1,АЛЬФАБ2Р13,1000.0,27.3224043715847,855.0
1904,RU000A1038D4,ТрансмхПБ6,1000.0,24.91280518186348,868.0
1905,RU000A1038F9,ПСБ 3P-05,1000.0,26.385224274406333,853.0
1906,RU000A1038U8,Сбер Sb28R,1000.0,27.100271002710027,864.0
1907,RU000A103976,СберИОС416,1000.0,24.75860361475613,866.0
1908,RU000A103AP6,СберИОС449,1000.0,24.75860361475613,853.0
1909,RU000A103AT8,Атомэнпр01,1000.0,26.737967914438503,863.0
1910,RU000A103CP2,СберИОС455,1000.0,24.75860361475613,861.0
1911,RU000A103D45,ИА ТБ1Б,1000.0,24.75860361475613,867.0
1912,RU000A103DS4,СибурХ Б03,1000.0,26.212319790301443,876.0
1913,RU000A103DU0,Росбанк2P9,1000.0,26.246719160104988,853.0
1914,RU000A103EN3,РЖД 1Р-23R,1000.0,25.549310168625446,852.0
1915,RU000A103EZ7,Ростел2P6R,1000.0,26.048450117218025,865.0
1916,RU000A103FA7,СберИОС458,1000.0,24.75860361475613,874.0
1917,RU000A103FP5,МКБ 1P3,1000.0,24.015369836695484,867.0
1918,RU000A103FT7,АльфаЛБ01,1000.0,24.03268445085316,863.0
1919,RU000A103G42,Сбер Sb29R,1000.0,26.990553306342782,865.0
1920,RU000A103G59,Сбер Sb30R,1000.0,26.990553306342782,857.0
1921,RU000A103G75,Сбер Sb32R,1000.0,27.472527472527474,850.0
1922,RU000A103GX7,РСХБ 2Р10,1000.0,26.385224274406333,876.0
1923,RU000A103H66,Сбер Sb34R,1000.0,26.990553306342782,853.0
1924,RU000A103HE5,СберИОС461,1000.0,24.75860361475613,856.0
1925,RU000A103KA7,МиратФ1Р1,1000.0,24.160425223483934,861.0
1926,RU000A103KG4,Сбер SbD1R,1000.0,24.75860361475613,873.0
1927,RU000A103LE7,СберИОС464,1000.0,24.75860361475613,871.0
1928,RU000A103MU1,ПСБ 3P-06,1000.0,27.100271002710027,871.0
1929,RU000A103MW7,СберИОС467,1000.0,24.75860361475613,852.0
1930,RU000A103N76,ИКС5Фин2P1,1000.0,26.385224274406333,868.0
1931,RU000A103N84,РСХБ 2Р14,1000.0,25.713551041398816,856.0
1932,RU000A103NU9,Автодор4Р1,1000.0,25.22704339051463,872.0
1933,RU000A103NY1,РН БАНК1Р9,1000.0,25.40650406504065,854.0
1934,RU000A103PE8,ПСБ 3P-07,1000.0,24.606299212598422,864.0
1935,RU000A103PH1,СберИОС470,1000.0,24.75860361475613,872.0
1936,RU000A103PT6,ОткрФКБП09,1000.0,25.00625156289072,864.0
1937,RU000A103QK3,МэйлБ1Р1,1000.0,25.387154100025388,871.0
1938,RU000A103QQ0,НКНХ 1Р-02,1000.0,24.45585717779408,874.0
1939,RU000A103RD6,ИнфрОблP1,1000.0,25.207965717166623,850.0
1940,RU000A103RS4,АЛЬФАБ2Р14,1000.0,25.246149962130776,864.0
1941,RU000A103RW6,СберИОС473,1000.0,24.75860361475613,858.0
1942,RU000A103VQ0,СберИОС480,1000.0,24.75860361475613,855.0
1943,RU000A103XD4,СФО МО 01,100000.0,25.2072032103894,99850.0
1944,RU000A103YE0,АЛЬФАБ2Р15,1000.0,24.74634991338778,869.0
1945,RU000A103Z80,ВЭБ1P-К373,1000.0,24.75860361475613,866.0
1946,RU000A103ZJ6,СберИОС486,1000.0,24.75860361475613,863.0
1947,RU000A1042W6,ВЭБP-31,1000.0,24.75860361475613,875.0
1948,RU000A1044K7,НКК БО-01,1031.89,47.59640221402215,892.8900000000001
1949,RU000A1044V4,СберИОС498,1000.0,24.75860361475613,857.0
1950,RU000A104511,ИАДОМ 1P14,934.21,24.75860361475613,791.21
1951,RU000A1049H2,НКК БО-02,1028.75,44.51536131544786,878.75
1952,RU000A1049Y7,РЕСОЛизБ06,1000.0,24.75860361475613,870.0
1953,RU000A104CS4,СберИОС513,1000.0,24.75860361475613,872.0
1954,RU000A104KW9,РЕСОЛизБ09,1000.0,24.75860361475613,866.0
1955,XS1675776014,BCS PFGR,100000.0,24.75860361475613,99857.0
1956,XS1713519012,BCS MICEX,100000.0,24.75860361475613,99860.0
1957,XS2020622887,BCS08/22,100000.0,24.75860361475613,99857.0
1958,XS2185963803,BCS10/25,100000.0,24.75860361475613,99865.0
1959,XS2206912847,BCSALORLV3,100000.0,24.75860361475613,99851.0
1960,XS2242762651,BCSALORPT2,100000.0,24.75860361475613,99865.0
1961,XS2267886971,BCS12/25-7,100000.0,25.06868820568357,99878.0
1962,XS2296660454,BCS06/24-9,100000.0,24.75860361475613,99856.0
1963,XS2336018374,BCS08/24-2,100000.0,24.75860361475613,99852.0
1964,XS2360268762,BCS11/24-4,100000.0,24.75860361475613,99852.0
1965,XS2361751204,BCS08/24,100000.0,24.75860361475613,99874.0
1966,XS2388458403,BCS12/26-2,100000.0,24.75860361475613,99854.0
1967,XS2401850834,BCS05/22,100000.0,24.75860361475613,99857.0
1968,XS2415466676,BCS11/24-8,100000.0,24.75860361475613,99864.0
1969,XS2417535650,BCS06/25-A,100000.0,24.75860361475613,99873.0